Id,AppId,Name,DescShort,DescLong,PlayTime,IconUrl,LastPlayed,Genres
1,203290,America's Army: Proving Grounds,NULL,NULL,NULL,f75fedb2e1c35742f9e8b907c33aaaa6bddea3f3,NULL,"Shooter,Tactical"
2,346110,ARK: Survival Evolved,NULL,NULL,NULL,fef1799533131c10f538d2dd697bbbd89e663265,NULL,"Shooter,Role-playing(RPG),Simulator,Adventure,Indie"
3,407530,ARK: Survival Of The Fittest,NULL,NULL,NULL,807c673cddebbfee0700a947a75f4872ad136e9b,NULL,"Shooter,Role-playing(RPG),Strategy,Adventure,Indie,Simulator"
4,107410,Arma 3,NULL,NULL,NULL,3212af52faf994c558bd622cb0f360c1ef295a6b,NULL,"Shooter,Simulator,Strategy,Tactical,Racing,Role-playing(RPG)"
5,65790,Arma: Cold War Assault,NULL,NULL,NULL,5ab8e51f1ec9ea4f2524ccff87106a187bdcd52b,NULL,"Shooter,Simulator,Strategy,Tactical"
6,1888160,ARMORED CORE VI FIRES OF RUBICON,NULL,NULL,NULL,961383bce3239632856e2e58dbf5d1893f05d808,NULL,Adventure
7,242050,Assassin's Creed IV Black Flag,NULL,NULL,NULL,a03c06290af00eed66814815663b68f5fd063882,NULL,"Adventure,Platform"
8,361420,ASTRONEER,NULL,NULL,NULL,18ef632a152a69a8fb4f62c074cd50aa15d3bf33,NULL,"Simulator,Adventure,Indie,Shooter,Arcade,Role-playing(RPG)"
9,484900,Aven Colony,NULL,NULL,NULL,3ee8885ec7e7cef2f55e33f535994597467e59aa,NULL,"Simulator,Strategy,Indie"
10,473770,BallisticNG,NULL,NULL,NULL,704fc93e14b095867fca9f629e8b589d4ddad56a,NULL,"Racing,Indie"
11,637090,BATTLETECH,NULL,NULL,NULL,4f606fa5106ea8196bc2ea56ebe84c225827c387,NULL,"Strategy,Turn-basedstrategy(TBS),Adventure,Shooter,Simulator,Tactical"
12,1330460,Becastled,NULL,NULL,NULL,aa36a83e2a8c6ecbe38646a4c56c3430c7f92093,NULL,"RealTimeStrategy(RTS),Strategy,Tactical,Indie"
13,7670,BioShock,NULL,NULL,NULL,9a7c9f640a76e6a32592277dbbc36a0f6da05372,NULL,"Shooter,Hackandslash/Beat'emup,Adventure,Role-playing(RPG),Turn-basedstrategy(TBS),Tactical"
14,8850,BioShock 2,NULL,NULL,NULL,f5eda925c0e57373aaea4cae17b6f175115a8d54,NULL,"Shooter,Role-playing(RPG),Adventure"
15,409720,BioShock 2 Remastered,NULL,NULL,NULL,97527a02b36f8ac4aba21005c2d953cc908a08e1,NULL,"Shooter,Role-playing(RPG),Adventure"
16,8870,BioShock Infinite,NULL,NULL,NULL,4ebaf5f9ee74f50152f7ff361debef7553fa0e4e,NULL,"Shooter,Adventure,Puzzle"
17,409710,BioShock Remastered,NULL,NULL,NULL,eb72262cd3ccc3219dd76392be3b60a4b6cbfd38,NULL,"Shooter,Role-playing(RPG),Adventure"
18,1252780,Bloons Monkey City,NULL,NULL,NULL,0cdba2d14bf2880937a46079d6af4d9ff1995435,NULL,Strategy
19,960090,Bloons TD 6,NULL,NULL,NULL,c5f0b67c8beeb6be99abe2ad8db2cada5d5ccff0,NULL,"Strategy,Tactical"
20,306020,Bloons TD5,NULL,NULL,NULL,b584e669fff85196944f692bebce56200d52bd92,NULL,"Simulator,Strategy,Tactical"
21,49520,Borderlands 2,NULL,NULL,NULL,a3f4945226e69b6196074df4c776e342d3e5a3be,NULL,"Shooter,Role-playing(RPG),Adventure"
22,261640,Borderlands: The Pre-Sequel,NULL,NULL,NULL,af5ef05eac8b1eb618e4f57354ac7b3e918ab1bd,NULL,The genres couldn't be grabbed
23,1968730,Bounty of One,NULL,NULL,NULL,84c1fc5c5d7ba3962db52502f2fde0d0352298ec,NULL,"Role-playing(RPG),Adventure,Indie,Fighting,Strategy,Turn-basedstrategy(TBS)"
24,684410,Bridge Constructor Portal,NULL,NULL,NULL,8bb9f59fa001f71795d88d2288243ba4e21fabda,NULL,"Puzzle,Simulator,Strategy"
25,7940,Call of Duty 4: Modern Warfare (2007),NULL,NULL,NULL,b40c43b0b14b7e124553e0220581a1b9ef8e38bf,NULL,The genres couldn't be grabbed
26,10180,Call of Duty: Modern Warfare 2 (2009),NULL,NULL,NULL,ad502494f1658220f9166c7e17ac90422bf6a479,NULL,The genres couldn't be grabbed
27,10190,Call of Duty: Modern Warfare 2 (2009) - Multiplayer,NULL,NULL,NULL,7dd7c2d5bce2413131762d7cbee3f059614ed69d,NULL,The genres couldn't be grabbed
28,42680,Call of Duty: Modern Warfare 3,NULL,NULL,NULL,c3330a875925437d8216949b6571f6e941ba0679,NULL,"Shooter,Tactical,Adventure"
29,42690,Call of Duty: Modern Warfare 3 - Multiplayer,NULL,NULL,NULL,c3330a875925437d8216949b6571f6e941ba0679,NULL,The genres couldn't be grabbed
30,10090,Call of Duty: World at War,NULL,NULL,NULL,2bfb85222af4a01842baa5c3a16a080eb27ac6c3,NULL,"Shooter,Adventure,Role-playing(RPG),Simulator,Strategy"
31,1938090,Call of Duty®: Modern Warfare® II | Warzone™ 2.0,NULL,NULL,NULL,647ccaac6f9b359db6309077757fae50b5f13a8c,NULL,The genres couldn't be grabbed
32,255710,Cities: Skylines,NULL,NULL,NULL,6cf7b10dd29db28448ef79698ed2118a03617d63,NULL,"Simulator,Strategy"
33,678960,CODE VEIN,NULL,NULL,NULL,e9c6697e32bc165ef0e46768079ed34a28633069,NULL,"Role-playing(RPG),Adventure"
34,231430,Company of Heroes 2,NULL,NULL,NULL,5e7e1866fb4f33a17393b0441cd1c750dbd91c5f,NULL,"RealTimeStrategy(RTS),Simulator,Strategy"
35,10,Counter-Strike,NULL,NULL,NULL,6b0312cda02f5f777efa2f3318c307ff9acafbb5,NULL,"Simulator,RealTimeStrategy(RTS),Strategy"
36,80,Counter-Strike: Condition Zero,NULL,NULL,NULL,077b050ef3e89cd84e2c5a575d78d53b54058236,NULL,The genres couldn't be grabbed
37,100,Counter-Strike: Condition Zero Deleted Scenes,NULL,NULL,NULL,077b050ef3e89cd84e2c5a575d78d53b54058236,NULL,The genres couldn't be grabbed
38,730,Counter-Strike: Global Offensive,NULL,NULL,NULL,69f7ebe2735c366c65c0b33dae00e12dc40edbe4,NULL,The genres couldn't be grabbed
39,240,Counter-Strike: Source,NULL,NULL,NULL,9052fa60c496a1c03383b27687ec50f4bf0f0e10,NULL,The genres couldn't be grabbed
40,731490,Crash Bandicoot™ N. Sane Trilogy,NULL,NULL,NULL,26854575fde25d87574a42b0f2a5550f0b32c3a1,NULL,"Platform,Adventure,Racing"
41,422920,Creeper World 2 Anniversary Edition,NULL,NULL,NULL,865e3425f93f616bfd11d3e991d54272207fefbb,NULL,"Simulator,Strategy,Indie"
42,280220,Creeper World 3: Arc Eternal,NULL,NULL,NULL,32c20617180519227d3a52f239db5f73158da45c,NULL,"Puzzle,RealTimeStrategy(RTS),Simulator,Strategy,Indie"
43,848480,Creeper World 4,NULL,NULL,NULL,f1a79108f91fa64069f4bdd3f1cf66e944c28360,NULL,"RealTimeStrategy(RTS),Simulator,Strategy,Indie"
44,422910,Creeper World Anniversary Edition,NULL,NULL,NULL,e4e69a6c4d0e157804f6bdbce0bd6c9e360c4fc8,NULL,"Simulator,Strategy,Indie"
45,632000,CrossCells,NULL,NULL,NULL,7b0e36bf1e034b1f8c72cb4f28da79945a716bcd,NULL,"Puzzle,Strategy,Indie"
46,203770,Crusader Kings II,NULL,NULL,NULL,56e9c15cbeb6c1f873f7f1dc757bae7618861484,NULL,"Role-playing(RPG),Simulator,Strategy"
47,1158310,Crusader Kings III,NULL,NULL,NULL,8a0d88dfaff790ea1aa2b9fcf50d4e3b4f49cf56,NULL,"Role-playing(RPG),Simulator,Strategy"
48,1091500,Cyberpunk 2077,NULL,NULL,NULL,15ba5f5437473a1b4d628b3b87223e84f4cfdf38,NULL,"Role-playing(RPG),Shooter,Adventure,VisualNovel"
49,335300,DARK SOULS™ II: Scholar of the First Sin,NULL,NULL,NULL,6e665503e93d1383b774a68dfea23ac7afc0e3aa,NULL,"Role-playing(RPG),Adventure"
50,374320,DARK SOULS™ III,NULL,NULL,NULL,7abe1a33129c20cf10d2c74128bbd657a2a2c806,NULL,"Role-playing(RPG),Adventure"
51,570940,DARK SOULS™: REMASTERED,NULL,NULL,NULL,d74cfa4f3a2070f45ad8ce44e5f61a6507ee00b6,NULL,"Role-playing(RPG),Adventure"
52,30,Day of Defeat,NULL,NULL,NULL,aadc0ce51ff6ba2042d633f8ec033b0de62091d0,NULL,"Shooter,Role-playing(RPG)"
53,300,Day of Defeat: Source,NULL,NULL,NULL,062754bb5853b0534283ae27dc5d58200692b22d,NULL,Shooter
54,1693980,Dead Space,NULL,NULL,NULL,3368d467f4f60f9f07ec4c206a22184fae060be2,NULL,"Shooter,Adventure,Role-playing(RPG)"
55,47780,Dead Space 2,NULL,NULL,NULL,6393351676edc4fdc65937a599780818fd2f18b7,NULL,"Shooter,Adventure"
56,1238060,Dead Space™ 3,NULL,NULL,NULL,22294a53f3376c8f8ad0c8ecea1bfd11a2559258,NULL,"Shooter,Adventure"
57,40,Deathmatch Classic,NULL,NULL,NULL,c525f76c8bc7353db4fd74b128c4ae2028426c2a,NULL,Shooter
58,698640,Deep Sky Derelicts,NULL,NULL,NULL,600f90d7044856956fc81c0c6c0450e19614e946,NULL,"Role-playing(RPG),Strategy,Adventure,Indie,Card&BoardGame"
59,1085660,Destiny 2,NULL,NULL,NULL,fce050d63f0a2f8eb51b603c7f30bfca2a301549,NULL,"Shooter,Role-playing(RPG),Adventure,Fighting,Arcade"
60,1455840,Dorfromantik,NULL,NULL,NULL,c7f24bc1facf1af3378ad655eed2dee7acc5c7b2,NULL,"Puzzle,Simulator,Strategy,Turn-basedstrategy(TBS),Indie,Card&BoardGame"
61,1562430,DREDGE,NULL,NULL,NULL,c8b352e87c28aa9ffe3a4641b230beb5064a49e6,NULL,"Role-playing(RPG),Simulator,Adventure"
62,65800,Dungeon Defenders,NULL,NULL,NULL,8de7e7e9af523591c34b713b0b21910058ab4169,NULL,"Role-playing(RPG),Strategy,Indie,Adventure,Hackandslash/Beat'emup"
63,1245620,ELDEN RING,NULL,NULL,NULL,b6e290dd5a92ce98f89089a207733c70c41a1871,NULL,"Role-playing(RPG),Adventure"
64,359320,Elite Dangerous,NULL,NULL,NULL,670f2f289a180f7ac291585df847009640ebf1c5,NULL,"Shooter,Role-playing(RPG),Simulator,Strategy,Adventure,Indie"
65,896160,Evil Bank Manager,NULL,NULL,NULL,572aaacbd659f8909363842e8c1886fcf38730eb,NULL,"Simulator,Strategy,Indie"
66,427520,Factorio,NULL,NULL,NULL,267f5a89f36ab287e600a4e7d4e73d3d11f0fd7d,NULL,"Simulator,Strategy,Indie"
67,38400,Fallout,NULL,NULL,NULL,df0001a1aa011e6c7a8f38a65908070eba3d2f61,NULL,"Role-playing(RPG),Strategy,Turn-basedstrategy(TBS),Tactical,Adventure,Shooter,Simulator"
68,38410,Fallout 2,NULL,NULL,NULL,df0001a1aa011e6c7a8f38a65908070eba3d2f61,NULL,"Shooter,Role-playing(RPG),Turn-basedstrategy(TBS),Hackandslash/Beat'emup,Adventure"
69,22370,Fallout 3 - Game of the Year Edition,NULL,NULL,NULL,21d7090bdea8f6685ca730850b7b55acfdb92732,NULL,"Shooter,Role-playing(RPG),Adventure"
70,377160,Fallout 4,NULL,NULL,NULL,779c4356ebe32af2af7c9f0bbba595dfe872cd7f,NULL,"Shooter,Role-playing(RPG),Adventure"
71,588430,Fallout Shelter,NULL,NULL,NULL,bb39b682fefd9a95486911cd991d8cdc5d7b57c9,NULL,"Role-playing(RPG),Adventure,Simulator,Strategy"
72,38420,Fallout Tactics,NULL,NULL,NULL,0f81d73db11d9b460eb268440793e76d02dd8ae6,NULL,"Strategy,Role-playing(RPG),Turn-basedstrategy(TBS),Tactical"
73,22380,Fallout: New Vegas,NULL,NULL,NULL,1711fd8c46d739feec76bd4a64eaeeca5b87e3a7,NULL,"Shooter,Role-playing(RPG),Sport"
74,552520,Far Cry 5,NULL,NULL,NULL,928df2d32021f480499a97458068f62c45298e7a,NULL,"Shooter,Adventure,Role-playing(RPG)"
75,1248130,Farming Simulator 22,NULL,NULL,NULL,ed60ecbebf2754934c023553e0485919bc44ccbb,NULL,Simulator
76,1462040,FINAL FANTASY VII REMAKE INTERGRADE,NULL,NULL,NULL,3cf19bc8fa3bc953d68a9b46b0a7555839188da0,NULL,"Role-playing(RPG),Adventure"
77,359870,FINAL FANTASY X/X-2 HD Remaster,NULL,NULL,NULL,86616d56239e83099e90940c8c9424489aee2ceb,NULL,The genres couldn't be grabbed
78,1551360,Forza Horizon 5,NULL,NULL,NULL,6c1d20c62c4613263548323052c62cece488876b,NULL,"Racing,Sport,Simulator,Adventure"
79,310380,Fractured Space,NULL,NULL,NULL,ad6e742508e69c690d94136b3226de22edc42faa,NULL,"Shooter,Strategy,Adventure,Indie,MOBA"
80,294570,Freddi Fish 5: The Case of the Creature of Coral Cove,NULL,NULL,NULL,04db9fe32f2db0a2200dbb0d65e2c6577d009633,NULL,"Point-and-click,Adventure"
81,323190,Frostpunk,NULL,NULL,NULL,0561084dfe24c469c905fe0681da82aa31102836,NULL,"Simulator,Strategy,Indie"
82,212680,FTL: Faster Than Light,NULL,NULL,NULL,e8770ddb95fde0804694b116dfe3479f5a65900d,NULL,"Role-playing(RPG),Simulator,Strategy,Indie"
83,296490,GemCraft - Chasing Shadows,NULL,NULL,NULL,d9dee57d707fc52432ad5dd48f196948c32b767c,NULL,"Strategy,Indie"
84,1106530,GemCraft - Frostborn Wrath,NULL,NULL,NULL,be811abb71dac9ac43b18f9e8189fa6dcbc5d29c,NULL,"Strategy,Indie"
85,1593500,God of War,NULL,NULL,NULL,8aa5e7e0e55cad682c7f2e65e075c3bc04dfc1cb,NULL,"Role-playing(RPG),Hackandslash/Beat'emup,Adventure,Platform,Simulator,Turn-basedstrategy(TBS)"
86,451340,Gold Rush: The Game,NULL,NULL,NULL,a70b345e235de0d111cb3a8fdeb2098fbea39e03,NULL,"Simulator,Indie"
87,271590,Grand Theft Auto V,NULL,NULL,NULL,1e72f87eb927fa1485e68aefaff23c7fd7178251,NULL,"Shooter,Adventure,Racing,Sport"
88,70,Half-Life,NULL,NULL,NULL,95be6d131fc61f145797317ca437c9765f24b41c,NULL,The genres couldn't be grabbed
89,220,Half-Life 2,NULL,NULL,NULL,fcfb366051782b8ebf2aa297f3b746395858cb62,NULL,The genres couldn't be grabbed
90,320,Half-Life 2: Deathmatch,NULL,NULL,NULL,795e85364189511f4990861b578084deef086cb1,NULL,The genres couldn't be grabbed
91,380,Half-Life 2: Episode One,NULL,NULL,NULL,795e85364189511f4990861b578084deef086cb1,NULL,The genres couldn't be grabbed
92,420,Half-Life 2: Episode Two,NULL,NULL,NULL,795e85364189511f4990861b578084deef086cb1,NULL,The genres couldn't be grabbed
93,340,Half-Life 2: Lost Coast,NULL,NULL,NULL,795e85364189511f4990861b578084deef086cb1,NULL,The genres couldn't be grabbed
94,360,Half-Life Deathmatch: Source,NULL,NULL,NULL,40b8a62efff5a9ab356e5c56f5c8b0532c8e1aa3,NULL,The genres couldn't be grabbed
95,130,Half-Life: Blue Shift,NULL,NULL,NULL,b06fdee488b3220362c11704be4edad82abeed08,NULL,The genres couldn't be grabbed
96,50,Half-Life: Opposing Force,NULL,NULL,NULL,04e81206c10e12416908c72c5f22aad411b3aeef,NULL,The genres couldn't be grabbed
97,280,Half-Life: Source,NULL,NULL,NULL,b4f572a6cc5a6a84ae84634c31414b9123d2f26b,NULL,The genres couldn't be grabbed
98,1240440,Halo Infinite,NULL,NULL,NULL,ec684b943169d675439f6cdf64fa2f2aa90d9821,NULL,"Shooter,Adventure"
99,976730,Halo: The Master Chief Collection,NULL,NULL,NULL,196a45d8df1981ff6b6b1872a38dc38f6c22875d,NULL,Shooter
100,1161580,Hardspace: Shipbreaker,NULL,NULL,NULL,6bc66592ba259c2c794c30ee9d020ee2797a7cee,NULL,"Simulator,Strategy"
101,265890,Hexcells,NULL,NULL,NULL,b10f170738dc96144b7ff59b745cf52f5dcb1ae4,NULL,"Puzzle,Strategy,Indie"
102,304410,Hexcells Infinite,NULL,NULL,NULL,be1d6ba04e87f319905f8de32244a1b7a814e014,NULL,"Puzzle,Strategy,Indie"
103,271900,Hexcells Plus,NULL,NULL,NULL,d1b916708b853d9975e11a28252c2f769bd232dd,NULL,"Puzzle,Strategy,Indie"
104,1659040,HITMAN 3,NULL,NULL,NULL,48dc1a866e9bb49a5496043c32c945c2fa18fb8f,NULL,"Shooter,Puzzle,Tactical,Adventure"
105,990080,Hogwarts Legacy,NULL,NULL,NULL,a9ecb94f249768d0ee5ccecbffe8d8c06d9bed59,NULL,"Role-playing(RPG),Adventure"
106,1106840,Hydroneer,NULL,NULL,NULL,cdb5eb870ee64e15c55cbdc63d86799ec23ef1e5,NULL,"Simulator,Strategy,Adventure,Indie"
107,300570,Infinifactory,NULL,NULL,NULL,7566ab0b4fa8cad3c5c15b4f9a23498441a04281,NULL,"Puzzle,Simulator,Indie"
108,1092790,Inscryption,NULL,NULL,NULL,25c02dcbabe97febe787797195099325a4d47935,NULL,"Puzzle,Strategy,Adventure,Indie,Card&BoardGame"
109,222880,Insurgency,NULL,NULL,NULL,b072fc4239951c1952f4877edde340419438b528,NULL,"Shooter,Strategy,Tactical,Indie,Role-playing(RPG),Simulator,Adventure,Turn-basedstrategy(TBS),VisualNovel"
110,1012790,Into the Radius VR,NULL,NULL,NULL,011e63f38f0cb1de86bf251b59e3858fc12fd31f,NULL,"Shooter,Indie"
111,115120,Iron Brigade,NULL,NULL,NULL,34c5b4afd0a64fe238d57396598714c4e184872d,NULL,"Shooter,Strategy"
112,992490,iVRy Driver for SteamVR,NULL,NULL,NULL,e2a7f5bd04e2e074e7f795744c07094a90961bce,NULL,The genres couldn't be grabbed
113,220200,Kerbal Space Program,NULL,NULL,NULL,6dc8c1377c6b0ffedaeaec59c253f8c33fb3e62b,NULL,"Simulator,Indie,Adventure,Strategy"
114,954850,Kerbal Space Program 2,NULL,NULL,NULL,2e971deef0ab8584afe50c7e1de217eb7efa825d,NULL,"Simulator,Adventure,Indie"
115,379430,Kingdom Come: Deliverance,NULL,NULL,NULL,915ec515c36645855abed0476b5b0891d8a4e47a,NULL,"Role-playing(RPG),Adventure"
116,569480,Kingdoms and Castles,NULL,NULL,NULL,0d90135b3a98192a85f90d3564f670d7bf95e2b3,NULL,"Adventure,Simulator,Strategy,Indie,Role-playing(RPG)"
117,589870,Learn to Fly 3,NULL,NULL,NULL,900a42e164ed8744a326db1ce9d7ca7f00ec24c5,NULL,"Simulator,Strategy,Adventure,Indie"
118,500,Left 4 Dead,NULL,NULL,NULL,428df26bc35b09319e31b1ffb712487b20b3245c,NULL,Shooter
119,550,Left 4 Dead 2,NULL,NULL,NULL,7d5a243f9500d2f8467312822f8af2a2928777ed,NULL,Shooter
120,1404850,Luck be a Landlord,NULL,NULL,NULL,ce8b9c2719ccf0fb47c3b97eb58f758913a268fd,NULL,"Simulator,Strategy,Indie,Card&BoardGame"
121,1328670,Mass Effect™ Legendary Edition,NULL,NULL,NULL,443ed7dba43882ef4298f8ed15bf67f323461e14,NULL,"Shooter,Role-playing(RPG),Strategy,Adventure"
122,1238000,Mass Effect™: Andromeda Deluxe Edition,NULL,NULL,NULL,31c518c2ba20145063eb0273739ec63cee1f884a,NULL,"Shooter,Role-playing(RPG),Adventure"
123,342200,MechWarrior Online,NULL,NULL,NULL,eb79260318265708985f0d7210e5976ddb5f6b1a,NULL,"Simulator,Strategy"
124,287980,Mini Metro,NULL,NULL,NULL,1b389229474bb7112d0f0b8189b1cbe4ff8f14b5,NULL,"Puzzle,Simulator,Strategy,Indie,Arcade"
125,1127500,Mini Motorways,NULL,NULL,NULL,567195f974791f4082704682b431e2a2ff358ff9,NULL,"Puzzle,Simulator,Strategy,Indie"
126,261550,Mount & Blade II: Bannerlord,NULL,NULL,NULL,896d5f4214e4e185a20af51b46d9dea2e6f4aaad,NULL,"Role-playing(RPG),Simulator,Strategy,Tactical,Adventure"
127,1113560,NieR Replicant ver.1.22474487139...,NULL,NULL,NULL,8ca16d03995179d1ba3a2263e03db170100c6382,NULL,"Role-playing(RPG),Adventure,Hackandslash/Beat'emup"
128,1275350,Ninja Kiwi Archive,NULL,NULL,NULL,4d7f75cfdf614baab330c2e63559d6e600b273e9,NULL,"Strategy,Arcade"
129,275850,No Man's Sky,NULL,NULL,NULL,fccb20f309ac5ae05b3cb4576a8a3357edf86f2e,NULL,"Role-playing(RPG),Simulator,Adventure,Indie"
130,758690,Occupy Mars: The Game,NULL,NULL,NULL,9feb826fb2781a0b25e9fd84e8395a1b81c4531a,NULL,"Simulator,Adventure,Indie"
131,558990,Opus Magnum,NULL,NULL,NULL,b4495499d1319f1e96f7d86fe880d4e0b11e2562,NULL,"Simulator,Strategy,Adventure,Indie,Puzzle,Platform"
132,680420,OUTRIDERS,NULL,NULL,NULL,35088a2e2cbca86852288051fb34eac760577f83,NULL,"Shooter,Role-playing(RPG),Adventure,Indie"
133,389670,Pacer,NULL,NULL,NULL,57f9b0651276e7433a74e2efd95d37626241280e,NULL,"Racing,Simulator,Sport,Indie"
134,422900,Particle Fleet: Emergence,NULL,NULL,NULL,aac12d262ee1d4a2c2bbe2bce37531c2a92f86d9,NULL,"Simulator,Strategy,Indie"
135,555160,Pavlov VR,NULL,NULL,NULL,d537afd8696affb4b2294aed07be5e13bcfc5d87,NULL,"Shooter,Indie"
136,1296610,Peglin,NULL,NULL,NULL,1ab0b505d844a60144c10c9f8087a260a8db3904,NULL,"Puzzle,Role-playing(RPG),Strategy,Indie,Arcade"
137,1687950,Persona 5 Royal,NULL,NULL,NULL,2f868d8c16fc357dc7122d440b9de3916e36e6fa,NULL,"Role-playing(RPG),Turn-basedstrategy(TBS),Adventure"
138,218230,PlanetSide 2,NULL,NULL,NULL,f09d788b57eccd48ad9a6d1ec0dbf0707db39612,NULL,"Shooter,Role-playing(RPG),Tactical,Arcade"
139,1083500,PlanetSide 2 - Test,NULL,NULL,NULL,4a048ec31eba8fb4ed19a1fd8a906041119d3523,NULL,The genres couldn't be grabbed
140,367450,Poly Bridge,NULL,NULL,NULL,7bc695b845364099d87469c2d9074a3782c68638,NULL,"Puzzle,Simulator,Indie"
141,1062160,Poly Bridge 2,NULL,NULL,NULL,9be50a08f160c70f07d4f870ca12c909242ad332,NULL,"Puzzle,Simulator,Indie"
142,400,Portal,NULL,NULL,NULL,cfa928ab4119dd137e50d728e8fe703e4e970aff,NULL,"RealTimeStrategy(RTS),Strategy,Adventure,Platform,Simulator,Shooter,Puzzle,Point-and-click,Hackandslash/Beat'emup,Arcade,Indie"
143,620,Portal 2,NULL,NULL,NULL,2e478fc6874d06ae5baf0d147f6f21203291aa02,NULL,"Shooter,Puzzle,Adventure,Platform,Indie,RealTimeStrategy(RTS),Strategy"
144,1210320,Potion Craft: Alchemist Simulator,NULL,NULL,NULL,e0a089daf3bfb668d42375e2e3d1f9c1184bb80f,NULL,The genres couldn't be grabbed
145,578080,PUBG: BATTLEGROUNDS,NULL,NULL,NULL,609f27278aa70697c13bf99f32c5a0248c381f9d,NULL,"Shooter,Adventure"
146,294660,Putt-Putt Saves The Zoo,NULL,NULL,NULL,209660869f5fe8517f8401dfa734fd9be6dfa6a3,NULL,The genres couldn't be grabbed
147,290300,Rebel Galaxy,NULL,NULL,NULL,0ce498a5b3dc987826eb1ad1c96842d7c8b42a23,NULL,"Role-playing(RPG),Simulator,Strategy,Adventure,Indie,Shooter,Arcade"
148,537450,ReCore: Definitive Edition,NULL,NULL,NULL,14b5765c00839c422b178cf946ed97c6baee8054,NULL,"Platform,Adventure"
149,1174180,Red Dead Redemption 2,NULL,NULL,NULL,5106abd9c1187a97f23295a0ba9470c94804ec6c,NULL,"Shooter,Role-playing(RPG),Adventure"
150,617290,Remnant: From the Ashes,NULL,NULL,NULL,0fec2d481028011910bf6fc35c61d19386695128,NULL,"Shooter,Role-playing(RPG),Adventure"
151,883710,Resident Evil 2,NULL,NULL,NULL,86ef2fdebeced746313994ccf2d7afb1f2887bf0,NULL,"Adventure,Arcade,Shooter"
152,961440,"Resident Evil 2 ""1-Shot Demo""",NULL,NULL,NULL,280cc7bf9e12785e84dc84b9db2c6e44adfa2aad,NULL,The genres couldn't be grabbed
153,2050650,Resident Evil 4,NULL,NULL,NULL,817358b8013c55831ea10d031ef9c0b151110826,NULL,"Shooter,Adventure,Puzzle,VisualNovel"
154,254700,Resident Evil 4 (2005),NULL,NULL,NULL,535bfea3332662271f1e3a972832bc0b4aba5a38,NULL,The genres couldn't be grabbed
155,21690,Resident Evil 5,NULL,NULL,NULL,26108f5caff3638c9f522dd79ee84a12761f373a,NULL,"Shooter,Adventure,Role-playing(RPG),Strategy"
156,221040,Resident Evil 6,NULL,NULL,NULL,0a0832a59b6c0a4ffa995b0343892729fe61ec1b,NULL,"Shooter,Adventure,Hackandslash/Beat'emup"
157,1236300,Resident Evil Re:Verse,NULL,NULL,NULL,eb2517104ec768ea3217ca875f94925bfcf3d7bb,NULL,Shooter
158,222480,Resident Evil Revelations,NULL,NULL,NULL,5725845fe83f846a04135034c5be55aef008c725,NULL,"Shooter,Adventure"
159,287290,Resident Evil Revelations 2,NULL,NULL,NULL,0ec692bbc91bbff0b455faef6cb2b8a37bbbca93,NULL,"Shooter,Adventure"
160,1196590,Resident Evil Village,NULL,NULL,NULL,d97fb0681f9517c65a9d7ba9dd7e63f775375645,NULL,"Adventure,Shooter"
161,60,Ricochet,NULL,NULL,NULL,98c69e04cd59b838e05cb6980c12c05874c6419e,NULL,"Shooter,Puzzle,Platform,Indie,Strategy,Tactical,Arcade"
162,294100,RimWorld,NULL,NULL,NULL,addbe3b704b267060b4d5d7649cfb292de61bd70,NULL,"RealTimeStrategy(RTS),Simulator,Strategy,Indie,Tactical"
163,755790,Ring of Elysium,NULL,NULL,NULL,bff111ed4307fc769143eb3d652fb940c363e37e,NULL,Shooter
164,301520,Robocraft,NULL,NULL,NULL,25b4f8bc206a7768638974d991b12d3943729d49,NULL,"Shooter,Role-playing(RPG),Simulator,Indie,Racing,Sport"
165,1843760,Rogue Tower,NULL,NULL,NULL,2d7edc560025b7656657953a202f65d32fef4dcb,NULL,"Strategy,Tactical,Indie"
166,252490,Rust,NULL,NULL,NULL,820be4782639f9c4b64fa3ca7e6c26a95ae4fd1c,NULL,"Shooter,Role-playing(RPG),Adventure,Indie,Hackandslash/Beat'emup,Arcade,Fighting,Racing,MOBA,Strategy,Puzzle"
167,700580,Rust - Staging Branch,NULL,NULL,NULL,820be4782639f9c4b64fa3ca7e6c26a95ae4fd1c,NULL,The genres couldn't be grabbed
168,210770,Sanctum 2,NULL,NULL,NULL,4cdfa1d19be460374a111b718ce3a204f21ea1dc,NULL,"Shooter,RealTimeStrategy(RTS),Strategy,Indie,Role-playing(RPG),Adventure"
169,526870,Satisfactory,NULL,NULL,NULL,ee3406fe5ec813b1987ad67e37e5cd6fb4f620e6,NULL,"Simulator,Strategy,Adventure,Indie"
170,1172620,Sea of Thieves,NULL,NULL,NULL,f95f362708fc326511c5d86566c447ee625bf776,NULL,"Simulator,Adventure"
171,1318690,shapez,NULL,NULL,NULL,974fc8a55e4191dfb390f59a24cb2f1900393533,NULL,"Puzzle,Simulator,Strategy,Indie,Adventure"
172,275100,Shelter 2,NULL,NULL,NULL,e37c751af499fadd2563d99754ec83ab78b58d13,NULL,"Adventure,Indie,Simulator,Role-playing(RPG),Strategy,Platform,Point-and-click"
173,8930,Sid Meier's Civilization V,NULL,NULL,NULL,fbe80c4743e226f0bf65559c91b12953d4446808,NULL,"Strategy,Turn-basedstrategy(TBS),Simulator"
174,289070,Sid Meier's Civilization VI,NULL,NULL,NULL,9dc914132fec244adcede62fb8e7524a72a7398c,NULL,"Simulator,Strategy,Turn-basedstrategy(TBS)"
175,204880,Sins of a Solar Empire: Rebellion,NULL,NULL,NULL,31832cdd443b665a8ae599f76761411f3d939b98,NULL,"RealTimeStrategy(RTS),Simulator,Strategy,Indie"
176,646570,Slay the Spire,NULL,NULL,NULL,33ea124ea8c03a9ce7012d34c3b348a351612fca,NULL,"Role-playing(RPG),Strategy,Turn-basedstrategy(TBS),Adventure,Indie,Card&BoardGame"
177,1657630,Slime Rancher 2,NULL,NULL,NULL,8028810e9ad73e00c2385a986382c57a6b0e034e,NULL,"Shooter,Simulator,Adventure,Indie"
178,312660,Sniper Elite 4,NULL,NULL,NULL,3a1dbbf59326c0bb78113db7ac0d70b9988b3ce8,NULL,"Shooter,Tactical,Adventure"
179,1029690,Sniper Elite 5,NULL,NULL,NULL,00bce3b25aed4dfd96e864e03dd315448dcb834b,NULL,"Fighting,Shooter,Simulator,Adventure"
180,1237320,Sonic Frontiers,NULL,NULL,NULL,560dc664cd2d16188dfec261d8453c540cbb24d0,NULL,"Platform,Adventure"
181,244850,Space Engineers,NULL,NULL,NULL,f9856a90000d88e9a89441a7381fe9877e91eaca,NULL,"Shooter,Simulator,Strategy,Adventure,Indie"
182,17390,Spore,NULL,NULL,NULL,00e6b5f1f7173e5a2db9978de34df03abb886430,NULL,"Shooter,RealTimeStrategy(RTS),Role-playing(RPG),Simulator,Strategy,Adventure,Indie"
183,17440,Spore: Creepy & Cute Parts Pack,NULL,NULL,NULL,00e6b5f1f7173e5a2db9978de34df03abb886430,NULL,Simulator
184,24720,Spore: Galactic Adventures,NULL,NULL,NULL,fb853a0ee1b27e6b9d0aa3b5a7d24d2bf3b0aae3,NULL,"Simulator,Strategy,Adventure"
185,393380,Squad,NULL,NULL,NULL,eb66a8cb52165274c84cae6526205065d13119d5,NULL,"Shooter,Strategy,Indie,Adventure,Racing,Role-playing(RPG),Music,Sport"
186,774941,Squad - Public Testing,NULL,NULL,NULL,6a9ee44c92c5ca7ddacf0d56bb7d5720961da0f8,NULL,The genres couldn't be grabbed
187,416770,SquareCells,NULL,NULL,NULL,b4a61003ddb773e0b565f6b6e1dcb5127e0c5d64,NULL,"Puzzle,Indie"
188,481190,Stable Orbit,NULL,NULL,NULL,c548638071f7c26be7189e348a51712cdff1a464,NULL,"Simulator,Strategy,Indie"
189,1948280,Stacklands,NULL,NULL,NULL,23fe385571e311477310e092901af4273e546ad8,NULL,"Simulator,Indie,Card&BoardGame"
190,212070,Star Conflict,NULL,NULL,NULL,1d239792f0cd35ace45c219fd2985340539feacc,NULL,"Shooter,Simulator,Strategy"
191,527100,Star Trek: Bridge Crew,NULL,NULL,NULL,67d6cbc0caea4843e988c6a729bcba9a71a7a357,NULL,"Role-playing(RPG),Simulator,Adventure"
192,292330,Starship Corporation,NULL,NULL,NULL,b2d7ad63fd4f5c53d91f0b604b3a23100a165420,NULL,"Simulator,Strategy,Indie"
193,281990,Stellaris,NULL,NULL,NULL,3e4dfdf4b304b1f4552c279ea716238876ac02c8,NULL,"RealTimeStrategy(RTS),Simulator,Strategy"
194,209540,Strike Suit Zero,NULL,NULL,NULL,b30877270af7d5775ce626ef9bacab727ff979f3,NULL,"Shooter,Indie,Arcade,Simulator"
195,264710,Subnautica,NULL,NULL,NULL,8a14ceef6e230330a916d7a6324b8c52d464d569,NULL,"Adventure,Indie"
196,464920,Surviving Mars,NULL,NULL,NULL,6c0bbf943ed725a16304161b89061ac1d37f6a2a,NULL,"Simulator,Strategy"
197,709920,Tametsi,NULL,NULL,NULL,59aa56ee92d7695369011d7f4f568f17b0e2b815,NULL,Indie
198,20,Team Fortress Classic,NULL,NULL,NULL,38ea7ebe3c1abbbbf4eabdbef174c41a972102b9,NULL,Shooter
199,1167630,Teardown,NULL,NULL,NULL,2820515b4c8ed6e78724c6a0e5903e7c2a95dce8,NULL,"Puzzle,Simulator,Strategy,Indie"
200,1593030,Terra Nil,NULL,NULL,NULL,6b8a5c3c7592a157236e34edd26edd7b3bf761a1,NULL,"Simulator,Strategy,Indie,Puzzle"
201,105600,Terraria,NULL,NULL,NULL,858961e95fbf869f136e1770d586e0caefd4cfac,NULL,"Platform,Role-playing(RPG),Simulator,Strategy,Adventure,Indie"
202,72850,The Elder Scrolls V: Skyrim,NULL,NULL,NULL,b9aca8a189abd8d6aaf09047dbb0f57582683e1c,NULL,"Role-playing(RPG),Adventure"
203,489830,The Elder Scrolls V: Skyrim Special Edition,NULL,NULL,NULL,0dfe3eed5658f9fbd8b62f8021038c0a4190f21d,NULL,"Role-playing(RPG),Adventure"
204,242760,The Forest,NULL,NULL,NULL,3a6847f6ac5879e48531db52261771d5e22904ac,NULL,"Role-playing(RPG),Adventure,Indie,Simulator,VisualNovel,Platform,Puzzle,Strategy"
205,1888930,The Last of Us™ Part I,NULL,NULL,NULL,6991d13038a61e35bade3aabea400c74bbbf966d,NULL,"Shooter,Adventure"
206,305620,The Long Dark,NULL,NULL,NULL,e26b78087b75d5e002e92f2bdd73ce6fc4861e56,NULL,"Shooter,Simulator,Strategy,Adventure,Indie,Hackandslash/Beat'emup"
207,257510,The Talos Principle,NULL,NULL,NULL,8222673c1eb13e6a8a8367ec0e2940a887ecf270,NULL,"Puzzle,Adventure,Indie,Shooter,Strategy"
208,1121640,The Wandering Village,NULL,NULL,NULL,1afcc38a5003e351efa1acfa45254c570eef7cc2,NULL,"Simulator,Strategy,Indie"
209,292030,The Witcher 3: Wild Hunt,NULL,NULL,NULL,6e43cb881e60712c3cccdd7f871baa56acf15328,NULL,"Role-playing(RPG),Adventure"
210,210970,The Witness,NULL,NULL,NULL,5406b4e33862420abfb60a23e581cad2a1ec85f7,NULL,"Puzzle,Adventure,Indie,Simulator,VisualNovel,Shooter,Platform"
211,704850,Thief Simulator,NULL,NULL,NULL,351a94d88850d4e0495e8a880f87af4a881f7d78,NULL,"Simulator,Strategy,Adventure,Indie"
212,1062090,Timberborn,NULL,NULL,NULL,a4863a01d88f18c948a712bfe90234ece672ca83,NULL,"Simulator,Strategy,Indie"
213,1237970,Titanfall® 2,NULL,NULL,NULL,d73c7e572859bd7490947d1aeab5c33eda18fd64,NULL,"Shooter,Adventure"
214,359550,Tom Clancy's Rainbow Six Siege,NULL,NULL,NULL,624745d333ac54aedb1ee911013e2edb7722550e,NULL,"Shooter,Tactical"
215,623990,Tom Clancy's Rainbow Six Siege - Test Server,NULL,NULL,NULL,20deaf466474f76f2ffdb345fe56f40fe3af74c0,NULL,The genres couldn't be grabbed
216,2225070,Trackmania,NULL,NULL,NULL,4b0f99cb45eef02df25bee27eb3d52052e8f8b55,NULL,"Racing,Sport,Arcade,Puzzle,Platform,Strategy"
217,11020,TrackMania Nations Forever,NULL,NULL,NULL,a422db7cb704324da48741b9e0a0cc193b566eb0,NULL,Racing
218,585420,Trailmakers,NULL,NULL,NULL,343fef058327a2fe514cac2e270fbdc581b05786,NULL,"Racing,Simulator,Adventure,Indie"
219,492720,Tropico 6,NULL,NULL,NULL,11f6e0cc7514f7ef8f1687276718c6f95d3c3e50,NULL,"Simulator,Strategy"
220,361280,Turmoil,NULL,NULL,NULL,37bfa1637243c416174c039a23ebe370a3c04e78,NULL,"Shooter,Arcade,Simulator,Strategy,Indie,Platform,Adventure"
221,790820,Valkyria Chronicles 4 Complete Edition,NULL,NULL,NULL,5affe6d1968891657bd80b3abf07e4347f75ee49,NULL,"Role-playing(RPG),Strategy,Turn-basedstrategy(TBS),Tactical"
222,1794680,Vampire Survivors,NULL,NULL,NULL,b09d9a388f5328ec977f7b45228ac8ae21a78c55,NULL,"Role-playing(RPG),Indie,Arcade"
223,460810,Vanquish,NULL,NULL,NULL,a5024e8135e1865f7df484f512ddf4e117fc0140,NULL,"Adventure,Indie,Shooter,Fighting,Hackandslash/Beat'emup"
224,339600,VEGA Conflict,NULL,NULL,NULL,5bb3e03d801b7f4ef0a8e41f32fea3b6b892e0b2,NULL,"RealTimeStrategy(RTS),Role-playing(RPG),Strategy"
225,295850,Vlad the Impaler,NULL,NULL,NULL,45b900cbe74fb4b5e59343a67ecce7666bb840d3,NULL,"Role-playing(RPG),Adventure,Indie"
226,438100,VRChat,NULL,NULL,NULL,52c5f93bd9f8de008307f5fad95023600267462c,NULL,"Simulator,Adventure"
227,236390,War Thunder,NULL,NULL,NULL,c69fbafb6e9891314cc5df0fe6a659612c289bf9,NULL,"Simulator,Shooter,Tactical,Fighting,Role-playing(RPG)"
228,230410,Warframe,NULL,NULL,NULL,22064646470f4c53388ba87774c7ac10f0a91ffa,NULL,"Shooter,Role-playing(RPG),Adventure,Hackandslash/Beat'emup"
229,243470,Watch_Dogs,NULL,NULL,NULL,53368e59a196dfa9af66ecd32135939da97fa72e,NULL,"Adventure,Shooter,Racing,Platform,Role-playing(RPG),Fighting"
230,320240,We Happy Few,NULL,NULL,NULL,1b2b2b9f9c1b5bd690530b8cc7ffc0931b475725,NULL,"Puzzle,Sport,Shooter,Adventure,Indie,Music"
231,201810,Wolfenstein: The New Order,NULL,NULL,NULL,965b8943ad172d8cf0c74e86068b4aa670aba92c,NULL,"Shooter,Adventure"
232,1407200,World of Tanks,NULL,NULL,NULL,fdedc7d172706ea39d2d2b389cd461cb4cbe7315,NULL,"Shooter,Simulator,Strategy,Arcade,Role-playing(RPG),Tactical"
233,552990,World of Warships,NULL,NULL,NULL,023b6bb5bcf82f9222d70cd38fdb18a899bd67e8,NULL,"Shooter,RealTimeStrategy(RTS),Simulator,Tactical,Strategy,Arcade"
234,228380,Wreckfest,NULL,NULL,NULL,2c93b44a991870cff51b8f77096969201771d2e9,NULL,"Racing,Simulator,Sport,Indie"
235,272860,Wreckfest Throw-A-Santa + Sneak Peek 2.0,NULL,NULL,NULL,8297006cb30a121d494b9817f8e5947b610da35f,NULL,The genres couldn't be grabbed
236,268500,XCOM 2,NULL,NULL,NULL,f275aeb0b1b947262810569356a199848c643754,NULL,"Role-playing(RPG),Strategy,Turn-basedstrategy(TBS),Tactical,Sport,Simulator"
237,882100,XCOM: Chimera Squad,NULL,NULL,NULL,dd8ae1a236af5d4a833f41aab2fdad902f454c63,NULL,"Strategy,Turn-basedstrategy(TBS),Tactical"
238,200510,XCOM: Enemy Unknown,NULL,NULL,NULL,48be2fee1d0d511b5c7313e1359beafd36ea92ed,NULL,"Role-playing(RPG),Simulator,Strategy,Turn-basedstrategy(TBS),Tactical"
239,880580,YORG.io,NULL,NULL,NULL,51be89c81141389299dc97808c0a2f27200e89cd,NULL,"RealTimeStrategy(RTS),Strategy,Indie"
240,1134480,YORG.io 3,NULL,NULL,NULL,29e1220310d20bd5f00dee236f6e0ee268c77768,NULL,"Strategy,Indie"
241,877200,Zero Caliber VR,NULL,NULL,NULL,569dcff2f3ff7ed7e30b9b58695f2b27b41576a8,NULL,"Simulator,Indie"
242,714010,Aim Lab,NULL,NULL,0,6b048dc353ff0be1d60000169dd4f18e13a00b52,0,"Shooter,Simulator,Indie,Adventure,Tactical"
243,735580,11-11 Memories Retold,NULL,NULL,NULL,85ed11df27fff8002490c6f0284d0ac4d0867bf3,NULL,The genres couldn't be grabbed
244,330820,2064: Read Only Memories,NULL,NULL,NULL,f28ddc7333b9d1bcbfbb8213f1bc7b410664c224,NULL,"Point-and-click,Adventure,Indie,VisualNovel"
245,1349230,5D Chess With Multiverse Time Travel,NULL,NULL,NULL,9e2ee52db469e961ef9cbc78c63d45aabcd9c097,NULL,"Puzzle,Strategy,Turn-basedstrategy(TBS),Indie"
246,251570,7 Days to Die,NULL,NULL,NULL,f6515dd177b2992aebcb563151fbe836a600f364,NULL,"Shooter,Role-playing(RPG),Simulator,Strategy,Adventure,Indie"
247,238930,"7 Grand Steps, Step 1: What Ancients Begat",NULL,NULL,NULL,055393418480c99e1f19c2bd0507a1a5a26ca093,NULL,The genres couldn't be grabbed
248,207650,A Virus Named TOM,NULL,NULL,NULL,2bbbd2a7bfe9d85c568f652f2396dc8e468b2abb,NULL,"Puzzle,Strategy,Indie,Arcade"
249,374900,Agatha Christie - The ABC Murders,NULL,NULL,NULL,8971ced41c2064777e0e0ed845a08e8683850b80,NULL,"Puzzle,Adventure,Point-and-click"
250,40400,AI War: Fleet Command,NULL,NULL,NULL,51e0da40a15297bbf3f15cde7e995a2efd2f7dec,NULL,"RealTimeStrategy(RTS),Simulator,Strategy,Indie"
251,951940,Almost There: The Platformer,NULL,NULL,NULL,ed4b307b7753cc656edf08e6b74c03c393753c37,NULL,"Platform,Racing,Strategy,Indie,Arcade"
252,270880,American Truck Simulator,NULL,NULL,NULL,2aec8af4b4b23cb6054d9aea06194621cdd66945,NULL,"Racing,Simulator,Indie,Adventure,Role-playing(RPG)"
253,1902490,Aperture Desk Job,NULL,NULL,NULL,3e71e5682e61ce692a4475b9d16ea6e026ac3233,NULL,"Puzzle,Adventure"
254,1172470,Apex Legends,NULL,NULL,NULL,070902d2389878ac4bf29efb5b92832c60bdf24e,NULL,Shooter
255,1147660,ArcheAge: Unchained,NULL,NULL,NULL,c62a9b27af557c00c58dba5962cedd74f9520906,NULL,Role-playing(RPG)
256,244210,Assetto Corsa,NULL,NULL,NULL,c35922c480816b55f18b2843c6d838ccbc8ff825,NULL,"Racing,Simulator,Sport,Indie"
257,805550,Assetto Corsa Competizione,NULL,NULL,NULL,413dfe7829dd6e2776b7daef24c45b6f8f1f9ae5,NULL,"Racing,Simulator,Sport,Indie"
258,691830,Avernum 3: Ruined World,NULL,NULL,NULL,a8ab85b97b6d0b162dd10fde05e8d68b9b0a95b0,NULL,"Role-playing(RPG),Strategy,Turn-basedstrategy(TBS),Adventure,Indie"
259,518620,Ballistick,NULL,NULL,NULL,66fc653155739386e09461c395aaef1dcb1ce93b,NULL,"Indie,Shooter"
260,602960,Barotrauma,NULL,NULL,NULL,a0adb0f29ce819c6dffa32446624fb7648defc5a,NULL,"Simulator,Strategy,Adventure,Indie"
261,107100,Bastion,NULL,NULL,NULL,8377b4460f19465c261673f76f2656bdb3288273,NULL,"Role-playing(RPG),Adventure,Indie,Strategy,Shooter,Tactical,Arcade"
262,35140,Batman: Arkham Asylum GOTY Edition,NULL,NULL,NULL,e52f91ecb0d3f20263e96fe188de1bcc8c91643e,NULL,The genres couldn't be grabbed
263,200260,Batman: Arkham City GOTY,NULL,NULL,NULL,746ecf3ce44b2525eb7ad643e76a3b60913d2662,NULL,The genres couldn't be grabbed
264,208650,Batman™: Arkham Knight,NULL,NULL,NULL,f6c2ce13796844750dfbd01685fb009eeac4bf70,NULL,"Hackandslash/Beat'emup,Adventure"
265,394230,Battleborn,NULL,NULL,NULL,a6e4460da9be82e0ecefc6671ebef62f360f6712,NULL,"Shooter,RealTimeStrategy(RTS),Role-playing(RPG),Strategy,Hackandslash/Beat'emup"
266,1238810,Battlefield™ V,NULL,NULL,NULL,23ded6a957b5ec7525679c2e7bdac90c0653dbc8,NULL,Shooter
267,49600,Beat Hazard,NULL,NULL,NULL,2eec97f6dc441691097d3e14f39e2550059b90ee,NULL,"Shooter,Music,Indie,Arcade"
268,620980,Beat Saber,NULL,NULL,NULL,d2922f271fca9579ecdcc07408cee13d87ca4148,NULL,"Music,Sport,Indie"
269,582660,Black Desert,NULL,NULL,NULL,bf5ccace0a692720984827bf042143d0d4b28a42,NULL,"Role-playing(RPG),Hackandslash/Beat'emup,Adventure,Simulator,Strategy"
270,299360,Block N Load,NULL,NULL,NULL,7b36dde1b5631c436a1914c9b2a55672e4e1fb51,NULL,"Shooter,Strategy,Role-playing(RPG)"
271,476600,Call of Duty: WWII,NULL,NULL,NULL,9cc56555b04419785037d36362b71e2854daa69c,NULL,Shooter
272,476620,Call of Duty: WWII - Multiplayer,NULL,NULL,NULL,61353c6b23a7c04b11c875044a243210563e74ba,NULL,The genres couldn't be grabbed
273,251130,Chroma Squad,NULL,NULL,NULL,334bdb60f1976deb7a8f3b3b054086efc35db695,NULL,"Role-playing(RPG),Simulator,Strategy,Turn-basedstrategy(TBS),Adventure,Indie"
274,870780,Control Ultimate Edition,NULL,NULL,NULL,3438e3a03c82194349d66f99ee642ba59cbcc3dc,NULL,"Shooter,Adventure,Role-playing(RPG)"
275,293780,Crawl,NULL,NULL,NULL,139dfb62ede8539f33b354e0c6852f37c7e58aea,NULL,"Role-playing(RPG),Hackandslash/Beat'emup,Indie,Arcade,Strategy,Turn-basedstrategy(TBS),Platform,Puzzle,Adventure"
276,386180,Crossout,NULL,NULL,NULL,e918b17b3cac48c661c6c885adef16467036a5e7,NULL,"Racing,Shooter,Simulator"
277,27400,Dangerous High School Girls in Trouble!,NULL,NULL,NULL,fdb49574d8a18d4fca1695b9c411771494f7f1fc,NULL,"Role-playing(RPG),Quiz/Trivia,Indie"
278,262060,Darkest Dungeon®,NULL,NULL,NULL,af219e7f9ed0506cb0954aabb7f24a45e38d28e4,NULL,"Role-playing(RPG),Strategy,Turn-basedstrategy(TBS),Tactical,Adventure,Indie"
279,1500,Darwinia,NULL,NULL,NULL,4af4ed49b443228dc2ae2f0a9aac13da48892fb2,NULL,"RealTimeStrategy(RTS),Simulator,Strategy,Tactical,Indie"
280,388210,Day of the Tentacle Remastered,NULL,NULL,NULL,6d8caff1e7eb9011b1c7c03e687c0d43753ac8bd,NULL,"Point-and-click,Puzzle,Adventure"
281,223750,DCS World Steam Edition,NULL,NULL,NULL,2d9534cd77c0a0a0d70e3d8f2981e1c7a829a900,NULL,The genres couldn't be grabbed
282,588650,Dead Cells,NULL,NULL,NULL,a431361e5dae5fd6ac2433064b62b2a37abc38f1,NULL,"Platform,Adventure,Indie"
283,548430,Deep Rock Galactic,NULL,NULL,NULL,e033e23c29a192a17c16a7645a2b423ac64ff447,NULL,"Shooter,Adventure,Indie"
284,1520,DEFCON,NULL,NULL,NULL,0d87acaf8788848d3c13df0fcd006b3b793bfb45,NULL,"RealTimeStrategy(RTS),Strategy,Indie,Shooter,Simulator"
285,422970,Devil Daggers,NULL,NULL,NULL,bb93ce94488a129739228d0e2ca61bd60f56f76c,NULL,"Shooter,Indie"
286,321040,DiRT 3 Complete Edition,NULL,NULL,NULL,fdfb3aa153b57d6ae6cd8099cb4456b3d5b182b6,NULL,Racing
287,310560,DiRT Rally,NULL,NULL,NULL,6af1249ba4f9c521ce981ee040ffa3b9ca603911,NULL,"Racing,Simulator,Sport,Strategy"
288,201700,DiRT Showdown,NULL,NULL,NULL,cc23d301fb2dcd0fcb1c442ff26ccef79fb891da,NULL,"Racing,Sport"
289,333930,Dirty Bomb,NULL,NULL,NULL,48a3c464019fc161c2ea17334ca8d545a846a98e,NULL,Shooter
290,632470,Disco Elysium,NULL,NULL,NULL,b681544caa931c7c1a6788e6e3e33cb42892d17c,NULL,"Role-playing(RPG),Turn-basedstrategy(TBS),Adventure,Indie"
291,233610,Distance,NULL,NULL,NULL,37190c23b8dc6cb6eb726f9f221420c7abf1398f,NULL,"Racing,Adventure,Indie,Arcade,Puzzle,Role-playing(RPG),Simulator,Point-and-click,VisualNovel"
292,230230,Divinity: Original Sin (Classic),NULL,NULL,NULL,ca9cdafd4257253dba68babeed300874190fbbff,NULL,"Role-playing(RPG),Turn-basedstrategy(TBS),Adventure,Indie"
293,435150,Divinity: Original Sin 2,NULL,NULL,NULL,519a99caef7c5e2b4625c8c2fa0620fb66a752f3,NULL,"Role-playing(RPG),Turn-basedstrategy(TBS),Strategy,Adventure"
294,373420,Divinity: Original Sin Enhanced Edition,NULL,NULL,NULL,822ff912b2e464fbebbedf7a75ae1eb24921f16b,NULL,"Role-playing(RPG),Strategy,Tactical,Adventure,Indie,Turn-basedstrategy(TBS)"
295,219740,Don't Starve,NULL,NULL,NULL,03fe647df40dccc4d19bf42a0185cd3e6b9f2953,NULL,The genres couldn't be grabbed
296,322330,Don't Starve Together,NULL,NULL,NULL,a80aa6cff8eebc1cbc18c367d9ab063e1553b0ee,NULL,The genres couldn't be grabbed
297,379720,DOOM,NULL,NULL,NULL,b6e72ff47d1990cb644700751eeeff14e0aba6dc,NULL,Shooter
298,782330,DOOM Eternal,NULL,NULL,NULL,14235f425d27ab3b83661ba14c17d22dc90e566b,NULL,"Shooter,Arcade"
299,312530,Duck Game,NULL,NULL,NULL,d539148e7970b82733bfc78d595b41465fd09275,NULL,"Shooter,Platform,Indie,Arcade"
300,291410,Duelyst,NULL,NULL,NULL,4d7b004b6f45fed627989abedd4c9923bbacc064,NULL,"Strategy,Turn-basedstrategy(TBS),Indie,Card&BoardGame"
301,57900,Duke Nukem Forever,NULL,NULL,NULL,abea248e21456fae958b16dae9f131a51921199d,NULL,"Shooter,Adventure"
302,236110,Dungeon Defenders II,NULL,NULL,NULL,0ce07c2568f978a01c8ae5f4d9402c3253963641,NULL,"Role-playing(RPG),Strategy,Indie"
303,252430,Dusty Revenge,NULL,NULL,NULL,52e6e1d88ed1bc4036383344879d6e2ff0887fe4,NULL,"Hackandslash/Beat'emup,Indie"
304,382310,Eco,NULL,NULL,NULL,a436675ab3b355bdd5c610227abcb23b9ca71b7a,NULL,"Simulator,Adventure,Indie,Role-playing(RPG),Strategy,Shooter,Puzzle,Point-and-click"
305,252290,Elegy For A Dead World,NULL,NULL,NULL,cf3352bc0b010b4a4670b65cd7c8029f823dfd3f,NULL,"Simulator,Adventure,Indie"
306,514620,Ellipsis,NULL,NULL,NULL,21a3e4410b240bf9bef727eb30ae4406aa97f38e,NULL,"Puzzle,Indie,Arcade"
307,383120,Empyrion - Galactic Survival,NULL,NULL,NULL,ef7a39a74922aa667d685419064e37c6166b911e,NULL,"Shooter,Simulator,Strategy,Adventure,Indie"
308,227300,Euro Truck Simulator 2,NULL,NULL,NULL,adc18a4fc9adc0330144b76d61cbda68bb2394a0,NULL,"Simulator,Racing,Indie,Adventure"
309,8500,EVE Online,NULL,NULL,NULL,884d8c6482487e74b18ceef872ee9543a1c5828d,NULL,"Role-playing(RPG),Simulator,Strategy"
310,576500,Evergarden,NULL,NULL,NULL,540479ba55a54da766426ba263b04c46731881ff,NULL,"Puzzle,Strategy,Adventure,Indie"
311,273350,Evolve Stage 2,NULL,NULL,NULL,6b9e205c389185a4b0e079a13090c751e47375d2,NULL,Shooter
312,399780,Expand,NULL,NULL,NULL,c7fec119caea91c52b91c77039f1663ecaa4af21,NULL,"Puzzle,Adventure,Indie,Simulator,Strategy,Tactical,Shooter,Fighting"
313,220240,Far Cry® 3,NULL,NULL,NULL,8231f43d3dd47fb4b4111fd6bd4a849e73eb0520,NULL,"Shooter,Adventure"
314,313160,Farming Simulator 15,NULL,NULL,NULL,896b57d24d3c5460adfb2b8fbb9609e04af2a197,NULL,"Simulator,Strategy"
315,787860,Farming Simulator 19,NULL,NULL,NULL,2e908f4aa7fecbe9a105094e0b8e63b3a1f2a446,NULL,"Simulator,Strategy"
316,227700,Firefall,NULL,NULL,NULL,9b00a74fea9759c7559e7e20a81b4f25bd0a61b4,NULL,"Shooter,Role-playing(RPG),Adventure"
317,380600,Fishing Planet,NULL,NULL,NULL,df6785140de8c32f6baec7fd7fd74c5823459250,NULL,"Simulator,Sport,Strategy,Adventure"
318,908520,fpsVR,NULL,NULL,NULL,da10a311deedfb4720cbc3c2e99d4bc3fc190a1a,NULL,The genres couldn't be grabbed
319,8880,Freedom Force,NULL,NULL,NULL,9782dc5c4a6a3be777a64593f0dc529599b3aa95,NULL,"Role-playing(RPG),Strategy,Tactical,Shooter,Arcade"
320,8890,Freedom Force vs. the 3rd Reich,NULL,NULL,NULL,e95b52cd98240242852f6e93e4543330533b2434,NULL,"Role-playing(RPG),Strategy,Tactical"
321,268650,From The Depths,NULL,NULL,NULL,64a24a49ff1f58b4a70d86ca5b5bb7b18d7fdfd0,NULL,"Role-playing(RPG),Simulator,Strategy,Adventure,Indie,VisualNovel,Sport"
322,300580,GALAK-Z,NULL,NULL,NULL,eda7e168512ea7f3055b46779a950f84939ed5e7,NULL,The genres couldn't be grabbed
323,4000,Garry's Mod,NULL,NULL,NULL,4a6f25cfa2426445d0d9d6e233408de4d371ce8b,NULL,"Simulator,Indie"
324,263460,Girls Like Robots,NULL,NULL,NULL,16d097f4323b5c4b3feb07bdeae0eb2e234f3bd5,NULL,"Puzzle,Adventure,Indie"
325,488730,God's Trigger,NULL,NULL,NULL,505dcc61652dd9bf04b8669033f0e5c333e584ab,NULL,"Shooter,Puzzle,Hackandslash/Beat'emup,Indie"
326,348250,Google Earth VR,NULL,NULL,NULL,6e7575ca3c5ac486c5b6e3520c5b881a0cb61db0,NULL,The genres couldn't be grabbed
327,332500,GRAV,NULL,NULL,NULL,b5d0d35b1719afef7fb5374ac0f65aa368f1d3f2,NULL,"Adventure,Indie,Shooter,Role-playing(RPG),Puzzle,Racing,Arcade,Simulator"
328,599140,Graveyard Keeper,NULL,NULL,NULL,b37ef6d7eb243b4d9fc017dec7bc11b234f34cc2,NULL,"Strategy,Indie,Adventure,Role-playing(RPG),Simulator"
329,12750,GRID,NULL,NULL,NULL,c9367af908a9527040b41f6323aee4507bcba722,NULL,"Racing,Simulator,Sport,Arcade,Shooter,RealTimeStrategy(RTS),Role-playing(RPG),Strategy,Hackandslash/Beat'emup,Adventure,Indie"
330,219990,Grim Dawn,NULL,NULL,NULL,762057f2b14463ae1cbf0701a4cdb25cf94e8a0c,NULL,"Role-playing(RPG),Hackandslash/Beat'emup,Adventure,Indie"
331,534550,Guacamelee! 2,NULL,NULL,NULL,798c2959745e4bdc02df6bc801d082263f22c9cc,NULL,"Platform,Hackandslash/Beat'emup,Adventure,Indie,Fighting"
332,214770,Guacamelee! Gold Edition,NULL,NULL,NULL,2542d8e59fa2a5ceb5b16f6fa052d6aa6cda7c69,NULL,"Platform,Hackandslash/Beat'emup,Adventure,Indie"
333,275390,Guacamelee! Super Turbo Championship Edition,NULL,NULL,NULL,933dbbe576dca66cc46757e58871b2ae597a16bf,NULL,"Fighting,Platform,Hackandslash/Beat'emup,Adventure,Indie"
334,209080,Guns of Icarus Online,NULL,NULL,NULL,968e8c0b7a55f0229392278123dfd486140c9421,NULL,"Shooter,Simulator,Tactical,Adventure,Indie"
335,365450,Hacknet,NULL,NULL,NULL,2445c4ead6ee47784a326922271ec1c0b41d64e2,NULL,"Puzzle,Simulator,Indie"
336,1145360,Hades,NULL,NULL,NULL,8a3fca36a00883e8066263ad35dd15d77a1f9abc,NULL,"Role-playing(RPG),Hackandslash/Beat'emup,Adventure,Indie,Shooter,Puzzle,Strategy,Arcade"
337,266510,Hand of Fate,NULL,NULL,NULL,28c3fe65c79dd16ddff8c7207bc96631004fb50a,NULL,"Role-playing(RPG),Turn-basedstrategy(TBS),Hackandslash/Beat'emup,Adventure,Indie,Card&BoardGame,Strategy,Point-and-click,Platform,Simulator"
338,271290,HAWKEN,NULL,NULL,NULL,c2ff4b2c2652a897935631b040c5ba135fe655e3,NULL,"Shooter,Strategy,Tactical,Adventure,Arcade"
339,394360,Hearts of Iron IV,NULL,NULL,NULL,134bcd93ec4d31ec4a6640d6bdd73f22f0a7619f,NULL,"RealTimeStrategy(RTS),Simulator,Strategy,Tactical"
340,863550,HITMAN™ 2,NULL,NULL,NULL,3f7c071da7a338e03f6243b73c02c072f1bacee9,NULL,"Shooter,Tactical,Adventure"
341,1151640,Horizon Zero Dawn,NULL,NULL,NULL,08a1b6df68bdc8c28c974b79325ed8c89417af48,NULL,"Shooter,Role-playing(RPG),Adventure"
342,253390,Hot Tin Roof: The Cat That Wore A Fedora,NULL,NULL,NULL,cda34ef33713a5b35e144d0983af70697172e515,NULL,"Role-playing(RPG),Adventure,Indie"
343,375820,Human Resource Machine,NULL,NULL,NULL,16097a08c881abe08531e7d31dcf29e962581149,NULL,"Puzzle,Simulator,Strategy,Indie"
344,477160,Human: Fall Flat,NULL,NULL,NULL,15c6f6a4d69633a63ee410b24a2417f16d803b06,NULL,"Platform,Puzzle,Simulator,Adventure,Indie"
345,594650,Hunt: Showdown,NULL,NULL,NULL,06c70772db40f714537f4d80c11859a68560a6b3,NULL,"Shooter,Simulator"
346,770720,Hunt: Showdown (Test Server),NULL,NULL,NULL,5b6e6df3d86da34a061ef77113483a54317b01e8,NULL,The genres couldn't be grabbed
347,307960,IL-2 Sturmovik: Battle of Stalingrad,NULL,NULL,NULL,c1316257d8468642526b94212a134e3cb9210a03,NULL,The genres couldn't be grabbed
348,432980,INVERSUS Deluxe,NULL,NULL,NULL,9b1fc3eb8a0a4fa27a4ec9bdc0a9633793417781,NULL,"Shooter,Strategy,Indie,Arcade"
349,243970,"Invisible, Inc.",NULL,NULL,NULL,21cc7b593c065eac8beb7842669dff4313dc0b3f,NULL,"Strategy,Turn-basedstrategy(TBS),Tactical,Adventure,Indie"
350,270810,Jones On Fire,NULL,NULL,NULL,8d445392142d715c4cf860029daf0c051f775d36,NULL,"Platform,Racing,Adventure,Indie,Arcade"
351,329460,JumpJet Rex,NULL,NULL,NULL,32c35745b7ee86529d3d86a8ad13c4fed7c83282,NULL,"Platform,Racing,Adventure,Indie"
352,225540,Just Cause 3,NULL,NULL,NULL,c82c69c8d616d9d273d749e3dd3bd7a0f9da594a,NULL,"Adventure,Shooter,Racing"
353,343710,KHOLAT,NULL,NULL,NULL,77c0fe5a1f94460962d547716a1391bb0ad8264e,NULL,"Adventure,Indie"
354,391720,Layers of Fear (2016),NULL,NULL,NULL,0fc90b925c7bbdcc95df6599a01b80dff18e6bbb,NULL,The genres couldn't be grabbed
355,32440,LEGO® Star Wars™: The Complete Saga,NULL,NULL,NULL,096307d4ae0decd6a331e381f8dd464d75e3d9d6,NULL,"Platform,Adventure"
356,261180,Lethal League,NULL,NULL,NULL,9d667a8b47f936f99a96328c7835fcb3264511c7,NULL,"Fighting,Sport,Indie,Arcade"
357,48000,LIMBO,NULL,NULL,NULL,463f57855017564301b17050fba73804b3bd86d6,NULL,"Platform,Puzzle,Adventure,Indie,Fighting,Hackandslash/Beat'emup,VisualNovel"
358,252110,Lovers in a Dangerous Spacetime,NULL,NULL,NULL,1661236ad6879957c73f0090efee34cdba2be649,NULL,"Shooter,Simulator,Adventure,Indie,Arcade"
359,330660,Luna's Wandering Stars,NULL,NULL,NULL,b7397ef64cadd2fae3c94c29fb6fca15099e9037,NULL,"Puzzle,Simulator,Indie"
360,234140,Mad Max,NULL,NULL,NULL,71a4dd52273b749f96913a48dd6f439fb5ddc23e,NULL,"Shooter,Racing,Adventure,Puzzle"
361,50130,Mafia II (Classic),NULL,NULL,NULL,62f1f7324e520be067aec1ab06d1ec6fa56f25bd,NULL,The genres couldn't be grabbed
362,1030830,Mafia II: Definitive Edition,NULL,NULL,NULL,f80e173ad5c242ca0d41e30af1f6358d1e64d9b4,NULL,"Shooter,Adventure"
363,333950,Medieval Engineers,NULL,NULL,NULL,70b2ab9e9972cfdae55cf540a2ab8ec3a14aa115,NULL,"Simulator,Strategy,Indie"
364,287700,METAL GEAR SOLID V: THE PHANTOM PAIN,NULL,NULL,NULL,7a1737163c96ea641143db45709a4ac444ba8f7b,NULL,"Shooter,Tactical,Adventure"
365,286690,Metro 2033 Redux,NULL,NULL,NULL,353ea01a045c084215bca95519808eaa7319ce0c,NULL,"Shooter,Role-playing(RPG),Adventure"
366,412020,Metro Exodus,NULL,NULL,NULL,f9863ed0ffc717b130744488f088ae95fe6e9bd8,NULL,"Shooter,Adventure"
367,1449560,Metro Exodus Enhanced Edition,NULL,NULL,NULL,f9863ed0ffc717b130744488f088ae95fe6e9bd8,NULL,"Shooter,Adventure"
368,287390,Metro: Last Light Redux,NULL,NULL,NULL,7139b7af2ad9d248d21e98302b964cd61474318c,NULL,"Shooter,Role-playing(RPG),Adventure"
369,314160,Microsoft Flight Simulator X: Steam Edition,NULL,NULL,NULL,dba4fedfc6365bb7cda9293a175df897df353411,NULL,Simulator
370,241930,Middle-earth™: Shadow of Mordor™,NULL,NULL,NULL,161afab3c9f725f593635723cc64a7fbeb324ead,NULL,The genres couldn't be grabbed
371,356190,Middle-earth™: Shadow of War™,NULL,NULL,NULL,316c479e5d51d21e15eb8f82338fce82c42c4115,NULL,The genres couldn't be grabbed
372,582010,Monster Hunter: World,NULL,NULL,NULL,6ec147f2d423f435e15eb79b3d82f771913de634,NULL,"Role-playing(RPG),Adventure,Hackandslash/Beat'emup"
373,226740,Monster Loves You!,NULL,NULL,NULL,b9787d4aea81e82e615a7f0501f2cd5df4280a61,NULL,"Puzzle,Role-playing(RPG),Simulator,Adventure,Indie,Point-and-click,VisualNovel"
374,574090,MOTHERGUNSHIP,NULL,NULL,NULL,b2f27393a5a0173cb0e8c8a1546d491ca62404d5,NULL,"Shooter,Indie,Arcade"
375,323850,Move or Die,NULL,NULL,NULL,3998d6f23592638da8d080825cc5da2e6cd4ffa3,NULL,"Platform,Indie,Arcade"
376,1530,Multiwinia,NULL,NULL,NULL,d73261f7f57b0ccf175acc81cdab00dc55b421fa,NULL,"RealTimeStrategy(RTS),Strategy,Indie"
377,243160,Mushroom 11,NULL,NULL,NULL,790733fec1dd0894dfdd05e27f6e2d9d2e70625e,NULL,"Platform,Puzzle,Adventure,Indie"
378,666140,My Time At Portia,NULL,NULL,NULL,06668be3a8b596a5980adf1b61b0c0dd515b5acd,NULL,"Role-playing(RPG),Simulator,Adventure,Indie"
379,370240,NBA 2K16,NULL,NULL,NULL,46e2cb4cf8f8d2534145a9216a5c329046a4c3c8,NULL,Sport
380,319470,Ninja Pizza Girl,NULL,NULL,NULL,9a5292628f12ede7419e9bb5a3354884329fed3a,NULL,"Platform,Indie,Arcade"
381,368730,No Time To Explain Remastered,NULL,NULL,NULL,4cea102f506d192056197b347544bfe77489e847,NULL,"Adventure,Indie"
382,242680,Nuclear Throne,NULL,NULL,NULL,8ccc158cb6a7ca2f8cee6da9bfc4084c90e76ed2,NULL,"Shooter,Arcade,Role-playing(RPG),Adventure,Indie"
383,224480,Octodad: Dadliest Catch,NULL,NULL,NULL,a2def5192d16c9a997dfff6d4f1febcd28ee83f9,NULL,"Platform,Simulator,Strategy,Adventure,Indie"
384,25000,Overgrowth,NULL,NULL,NULL,b4fc4f8ab00a1fe366b97864db80dc889d6c32d0,NULL,"Adventure,Fighting,Tactical,Hackandslash/Beat'emup,Indie"
385,709440,Override,NULL,NULL,NULL,e6b920ca25fa709724c452eca5c1517aa69f3e5c,NULL,"Shooter,Racing,Adventure,Indie,Arcade,Platform,Puzzle,Simulator,Fighting"
386,457140,Oxygen Not Included,NULL,NULL,NULL,d37534163ebac8351e0bda0bf30f8f2174c921b6,NULL,"Simulator,Strategy,Indie"
387,541930,Panoptic,NULL,NULL,NULL,ff900a15be9a114111d13614436d5fb134b16293,NULL,Indie
388,238960,Path of Exile,NULL,NULL,NULL,1110764aac57ac28d7ffd8c43071c75d5482a9c9,NULL,"Hackandslash/Beat'emup,Role-playing(RPG),Adventure,Indie"
389,218620,PAYDAY 2,NULL,NULL,NULL,a6abc0d0c1e79c0b5b0f5c8ab81ce9076a542414,NULL,"Shooter,Role-playing(RPG),Tactical"
390,739630,Phasmophobia,NULL,NULL,NULL,125673b382059f666ec81477173380a76e1df0be,NULL,"Puzzle,Tactical,Indie,Arcade"
391,1509960,PICO PARK,NULL,NULL,NULL,738c7b1a12275d8b792f9a01a6c174453cd9770e,NULL,"Puzzle,Indie"
392,485030,PLANET ALPHA,NULL,NULL,NULL,e08911ca7d2ffc146bfe413cc0e647192d6d9cd8,NULL,"Platform,Puzzle,Adventure,Indie"
393,493340,Planet Coaster,NULL,NULL,NULL,1b2f29e743dd3048f21fefd9642d86a5f5123968,NULL,"Simulator,Strategy,Adventure"
394,386070,Planetary Annihilation: TITANS,NULL,NULL,NULL,4143808d0aa8e33399ed54ff5fe6d26055cb2dbc,NULL,"RealTimeStrategy(RTS),Strategy,Indie"
395,403190,Planetbase,NULL,NULL,NULL,27b6fa6d15815d342618080fb2d9905ecb0fdb00,NULL,"Simulator,Strategy,Indie"
396,1599600,PlateUp!,NULL,NULL,NULL,8ab51cc26c5b54c8858bf95538d71f728b460611,NULL,"Simulator,Strategy,Indie"
397,886250,PokerStars VR,NULL,NULL,NULL,ae77a1a23989b0254645b56d571bc3cb4eb88e51,NULL,"Strategy,Card&BoardGame"
398,328500,Potatoman Seeks the Troof,NULL,NULL,NULL,69bdb4d679cc8c0cde163dbcb7839ca46ceeeaaa,NULL,"Platform,Adventure,Indie"
399,480490,Prey,NULL,NULL,NULL,5ef565e374f039469e4a5c332cd51584af7ec5db,NULL,"Shooter,Adventure,Hackandslash/Beat'emup,Strategy,Indie,Sport,Fighting"
400,233450,Prison Architect,NULL,NULL,NULL,c166c7911beec4d63a74cdddf25f26b73c84556b,NULL,"Simulator,Strategy,Adventure,Indie,RealTimeStrategy(RTS)"
401,108600,Project Zomboid,NULL,NULL,NULL,2bd4642ae337e378e7b04a19d19683425c5f81a4,NULL,"Role-playing(RPG),Simulator,Indie"
402,394310,Punch Club,NULL,NULL,NULL,d423d509dc7c722f7c11ded0d1b3c25956c99449,NULL,"Fighting,Role-playing(RPG),Simulator,Sport,Strategy,Indie,Arcade,Adventure"
403,719750,PUSS!,NULL,NULL,NULL,e3b51fabdc7c42c58dfe9b60db33cd23ef99407b,NULL,"Puzzle,Adventure,Indie,Arcade,Platform"
404,462770,Pyre,NULL,NULL,NULL,75ed6f3b5fe1413ff42c21d2493a0e99c704ef2e,NULL,"Role-playing(RPG),Adventure,Indie,VisualNovel,Strategy,Puzzle"
405,239430,Q.U.B.E: Director's Cut,NULL,NULL,NULL,cb74da33659742de45e228f71fae3834adc7f592,NULL,"Platform,Puzzle,Strategy,Adventure,Indie"
406,203730,Q.U.B.E.,NULL,NULL,NULL,9f33d74b54f584bd21418a1cba9a8f9740254d46,NULL,"Platform,Puzzle,Simulator,Indie,Adventure,Strategy,Racing,Shooter,Music"
407,7610,Railroad Tycoon 3,NULL,NULL,NULL,4f0f946eef45488304a486bbca1700eedffc832d,NULL,"Simulator,Strategy"
408,234190,Receiver,NULL,NULL,NULL,895522b53c27a5e842fc2dcfbaf2e08365baf0fc,NULL,"Shooter,Simulator,Indie"
409,351090,Regency Solitaire,NULL,NULL,NULL,ff7ecb11bc2aafb2cc7ea1a12636a89e204d5b40,NULL,"Puzzle,Strategy,Turn-basedstrategy(TBS),Indie,VisualNovel,Card&BoardGame"
410,290040,Retro Game Crunch,NULL,NULL,NULL,6a49eec62a2d8ed1188fcf595ba108d046cfb02f,NULL,"Platform,Puzzle,Turn-basedstrategy(TBS),Hackandslash/Beat'emup,Adventure,Indie"
411,418460,Rising Storm 2: Vietnam,NULL,NULL,NULL,880aa8749f9fee2ea0f987749b44c769b65ee7a5,NULL,"Shooter,Simulator,Strategy,Indie"
412,737230,Rising Storm 2: Vietnam CTB Beta,NULL,NULL,NULL,880aa8749f9fee2ea0f987749b44c769b65ee7a5,NULL,The genres couldn't be grabbed
413,632360,Risk of Rain 2,NULL,NULL,NULL,0b809ac6f25e6570fecae5fc47bca0139a7bf70c,NULL,"Shooter,Adventure,Indie"
414,359190,Rituals,NULL,NULL,NULL,bd8e491cf43f47aa0d55519bffb93d7d3dd517c8,NULL,"Adventure,Indie,Puzzle,Shooter,Simulator"
415,425410,Road to Ballhalla,NULL,NULL,NULL,e482bda69dd3c79f7c7f59c508af75dcb5cfc249,NULL,"Platform,Puzzle,Racing,Simulator,Adventure,Indie,Arcade"
416,270450,Robot Roller-Derby Disco Dodgeball,NULL,NULL,NULL,69897578c5bc80d5cf91636e68029a1017a2bc9b,NULL,The genres couldn't be grabbed
417,252950,Rocket League,NULL,NULL,NULL,9ad6dd3d173523354385955b5fb2af87639c4163,NULL,"Racing,Sport,Indie"
418,215510,Rocketbirds: Hardboiled Chicken,NULL,NULL,NULL,be9c980e8243b58aad6b568aa47dc1418be79fd4,NULL,"Shooter,Platform,Adventure,Indie"
419,289760,ROCKETSROCKETSROCKETS,NULL,NULL,NULL,c38031dbb937f0618d788394b1b423f092cf9255,NULL,"Shooter,Sport,Strategy,Indie,Arcade"
420,285330,RollerCoaster Tycoon 2: Triple Thrill Pack,NULL,NULL,NULL,1a59fffe8f8e41a446beaecbd58b961f5907a7a5,NULL,"Simulator,Strategy"
421,372800,RPG MO,NULL,NULL,NULL,cf036fbac468db23e0ef40ad9b43e0bdadc8e960,NULL,"Role-playing(RPG),Adventure,Indie"
422,339400,Runestone Keeper,NULL,NULL,NULL,3a5fc33a81a77a9031b3ed8ab2fb6fcacc7843fe,NULL,"Role-playing(RPG),Strategy,Indie"
423,283640,Salt and Sanctuary,NULL,NULL,NULL,7db90552785b4c0a7d9d66ea5461c6a11f88c574,NULL,"Platform,Role-playing(RPG),Adventure,Indie"
424,307880,Savage Lands,NULL,NULL,NULL,dc51ca712ce91607993e34b051ab37ec1eab2aea,NULL,"Role-playing(RPG),Adventure,Indie"
425,700330,SCP: Secret Laboratory,NULL,NULL,NULL,764d1a9134808f7deb0b7f8de042590ec8aa8c5d,NULL,The genres couldn't be grabbed
426,387990,Scrap Mechanic,NULL,NULL,NULL,a912301394e90691ef6a1598e971c9b47c1806b5,NULL,"Simulator,Adventure,Indie"
427,246680,Secrets of Rætikon,NULL,NULL,NULL,3ef1439010802954cf62fea07db5036335b97b7f,NULL,"Adventure,Indie"
428,326460,ShellShock Live,NULL,NULL,NULL,bebf5e02b861d7d435fbf96cf059be95415ba5a9,NULL,"Shooter,Strategy,Turn-basedstrategy(TBS),Indie"
429,758330,Shenmue I & II,NULL,NULL,NULL,6d99da3c90adf6f4e54e41f26d119ba2c42f1c0b,NULL,"Role-playing(RPG),Adventure"
430,332530,Shutshimi,NULL,NULL,NULL,ea2b9c6d80b0cbd7378fe97095a0ca3efdd35417,NULL,"Shooter,Adventure,Indie,Arcade"
431,278460,Skyborn,NULL,NULL,NULL,c9ffdb61ac610c337e437006c6f2da78c673f769,NULL,Role-playing(RPG)
432,365720,Skyrim Script Extender (SKSE),NULL,NULL,NULL,48eaa1815ac4beddc4d7c9fec6c2517f6f0b718e,NULL,The genres couldn't be grabbed
433,386360,SMITE,NULL,NULL,NULL,7ed9de7bbfab9accb81e47b84943e7478baf2f3a,NULL,"Strategy,MOBA,Role-playing(RPG),Tactical,Adventure,RealTimeStrategy(RTS),Simulator,Turn-basedstrategy(TBS)"
434,858460,SMITE - Public Test,NULL,NULL,NULL,20e160ebdeddbb45f1066f62797cee2dff94da95,NULL,The genres couldn't be grabbed
435,460700,Song of the Deep,NULL,NULL,NULL,4a24c99f7a95c0f7a43b32a1ea91b2924bdc8cbc,NULL,"Puzzle,Adventure"
436,584400,Sonic Mania,NULL,NULL,NULL,c329b28adc1eb1ae73c9d4df9d9e48d7ea63bd86,NULL,"Platform,Strategy,Adventure,Indie"
437,544750,SOULCALIBUR VI,NULL,NULL,NULL,cd1c50031832faffeed43d3661a6093a00811c77,NULL,Fighting
438,50300,Spec Ops: The Line,NULL,NULL,NULL,55ae859a90d61c08f18ed3aa0ee2579169d2c2bf,NULL,"Shooter,Adventure"
439,207140,SpeedRunners,NULL,NULL,NULL,65cfa21149c415430fe36d83c23e079e6db476cc,NULL,"Platform,Racing,Sport,Indie,Arcade,Shooter,Adventure"
440,210170,Spirits,NULL,NULL,NULL,c7fde525c868a409f1d632bea9f0ecd5ea2c92cc,NULL,"Puzzle,Adventure,Role-playing(RPG),Hackandslash/Beat'emup,Fighting,Strategy,Turn-basedstrategy(TBS),Card&BoardGame,Platform,Indie,Arcade"
441,311720,Sproggiwood,NULL,NULL,NULL,27ae64a21a3ec28f2ce0c715890dd0de1ee081e1,NULL,"Role-playing(RPG),Strategy,Tactical,Indie"
442,996580,Spyro™ Reignited Trilogy,NULL,NULL,NULL,58d9d5bb243382cdb00259733d71e7621f502a2d,NULL,"Platform,Adventure,Racing"
443,1172380,"STAR WARS Jedi: Fallen Order™ ",NULL,NULL,NULL,0ea1d285a8ee6fbeef0e8f7f3b2d7fa4cbcb423b,NULL,Adventure
444,1222730,STAR WARS™: Squadrons,NULL,NULL,NULL,fb47bc807e02c5ded16d36e13ba2d10dd1203205,NULL,"Shooter,Simulator,Adventure,Arcade"
445,211820,Starbound,NULL,NULL,NULL,4dbf4041c33eb2edfc41f552320a2e584519134c,NULL,"Platform,Role-playing(RPG),Adventure,Indie"
446,367540,Starbound - Unstable,NULL,NULL,NULL,9420b506fe5b00fd02d9005f1f5555358e3f71f7,NULL,The genres couldn't be grabbed
447,413150,Stardew Valley,NULL,NULL,NULL,35d1377200084a4034238c05b0c8930451e2fb40,NULL,"Role-playing(RPG),Simulator,Strategy,Indie"
448,437630,State of Mind,NULL,NULL,NULL,570de9cd2601f8af19a3f8874ce47c167180e080,NULL,"Point-and-click,Adventure,Puzzle,Indie"
449,674940,Stick Fight: The Game,NULL,NULL,NULL,28bc7ba8952d488e01e7136126cbbc3b42ee443a,NULL,"Fighting,Shooter,Simulator,Strategy,Indie"
450,573090,Stormworks: Build and Rescue,NULL,NULL,NULL,debf65da510a0a555c36da4f69c73f603e28b37b,NULL,Simulator
451,252850,Streamline,NULL,NULL,NULL,8c7695a2e6017605e704a52c630090349f344ae2,NULL,"Sport,Strategy,Hackandslash/Beat'emup,Indie,Puzzle,Simulator"
452,232890,Stronghold Crusader 2,NULL,NULL,NULL,1e94888e7ac06dc974f4767db2a520c090fa6dbd,NULL,"RealTimeStrategy(RTS),Simulator,Strategy"
453,47410,Stronghold Kingdoms,NULL,NULL,NULL,84000465788338378671e93a6d75eb9f5bfb8cc9,NULL,"RealTimeStrategy(RTS),Role-playing(RPG),Simulator,Strategy"
454,535480,Sundered: Eldritch Edition,NULL,NULL,NULL,1909ea5532df1dad6b672f6f683a7f64f861d292,NULL,"Platform,Role-playing(RPG),Adventure,Indie"
455,345860,Super Galaxy Squadron EX Turbo,NULL,NULL,NULL,2bc13f7cd287cc8b0882ea3a69037334ff7d30e7,NULL,"Shooter,Indie"
456,221640,Super Hexagon,NULL,NULL,NULL,ab2678a5d7768394e7482f89f613c0cf678f13d8,NULL,"Music,Indie,Arcade"
457,40800,Super Meat Boy,NULL,NULL,NULL,64eec20c9375e7473b964f0d0bc41d19f03add3b,NULL,"Platform,Adventure,Indie,Puzzle"
458,250700,Super Time Force Ultra,NULL,NULL,NULL,df187ca1e77bad7d30603ff0902f62b7fab68693,NULL,"Shooter,Platform,Adventure,Indie"
459,204060,Superbrothers: Sword & Sworcery EP,NULL,NULL,NULL,0c484d2181a32b89e3675b4f8965c62558418646,NULL,"Point-and-click,Role-playing(RPG),Adventure,Indie"
460,233720,Surgeon Simulator,NULL,NULL,NULL,77e5bb562902be4a5a49b114d7370138696b1595,NULL,"Puzzle,Simulator,Indie,Role-playing(RPG),Adventure"
461,703880,Swords and Soldiers 2 Shawarmageddon,NULL,NULL,NULL,be03835d855f24a85b0b3b33b66460dc9abdda6c,NULL,"RealTimeStrategy(RTS),Strategy,Indie,Arcade"
462,528230,SYNTHETIK,NULL,NULL,NULL,03191846097ff04f29a616a95231af7b5b6b0b15,NULL,"Shooter,Indie,Arcade"
463,238210,System Shock 2,NULL,NULL,NULL,11448f6ffd8b78461aec3bbf94463b8d2836fef0,NULL,"Shooter,Role-playing(RPG)"
464,410700,System Shock: Classic,NULL,NULL,NULL,bf281779422082d9af5e4f46adc3123dd479690b,NULL,"Shooter,Role-playing(RPG)"
465,410710,System Shock: Enhanced Edition,NULL,NULL,NULL,a88f9ba51194824ceeef8691c711016de62703ae,NULL,"Shooter,Role-playing(RPG),Adventure"
466,286160,Tabletop Simulator,NULL,NULL,NULL,19f5b90e3c7084758f885ded843631b13929fa26,NULL,"Simulator,Strategy,Indie,Role-playing(RPG),Card&BoardGame"
467,302850,Team Indie,NULL,NULL,NULL,fc05bc77ed834879bf0372194cb4031b5a4bd5b8,NULL,"Platform,Puzzle,Indie"
468,323370,TERA,NULL,NULL,NULL,cbfb0fe6ce60b1fa651abe643215f7e721bd81fd,NULL,"Role-playing(RPG),Adventure,VisualNovel,Arcade"
469,323060,Tharsis,NULL,NULL,NULL,7a301a9d0c001a273006880def53ca17b9de5500,NULL,"Puzzle,Role-playing(RPG),Simulator,Strategy,Turn-basedstrategy(TBS),Adventure,Indie,Card&BoardGame"
470,396710,The Adventure Pals,NULL,NULL,NULL,0d41404b5a85805788d3338604443d41d6a13088,NULL,"Platform,Puzzle,Role-playing(RPG),Adventure,Indie,Fighting"
471,303210,The Beginner's Guide,NULL,NULL,NULL,335470301322904bd6eeb32076595df7a811e015,NULL,"Adventure,Indie"
472,65930,The Bureau: XCOM Declassified,NULL,NULL,NULL,854f133d072a65e5577c2a21bf25ba863e4a6a23,NULL,"Shooter,Strategy,Tactical"
473,67370,The Darkness II,NULL,NULL,NULL,6ca6291fe216a8cc5c56f01b1e7f83e396a8fa81,NULL,"Shooter,Strategy,Turn-basedstrategy(TBS),RealTimeStrategy(RTS),Platform,Indie,Role-playing(RPG),Hackandslash/Beat'emup,Puzzle,Adventure,Point-and-click"
474,376210,The Isle,NULL,NULL,NULL,7ae88c1923dbcdee670769fca9c89cc0e540ab46,NULL,"Fighting,Shooter,Role-playing(RPG),Simulator,Strategy,Adventure,Indie,Sport,Point-and-click,Card&BoardGame"
475,450390,The Lab,NULL,NULL,NULL,69ca11312e3a1779946de8871d6bdb003636ffbf,NULL,"Adventure,Puzzle,Indie,Shooter,Simulator"
476,221910,The Stanley Parable,NULL,NULL,NULL,d4958966dbc02d7a282c52552f71ce6910957b63,NULL,"Adventure,Indie,Simulator"
477,231160,The Swapper,NULL,NULL,NULL,4d3e99b7d885baba60ea29ee1634cc58bf22e41d,NULL,"Platform,Puzzle,Strategy,Adventure,Indie,Racing"
478,253710,theHunter Classic,NULL,NULL,NULL,4a91dc770675e559038a4f46e0daa4f8fa42ee30,NULL,"Shooter,Simulator,Sport,Adventure"
479,286080,Thinking with Time Machine,NULL,NULL,NULL,704dec3992ad6cc0bf8aca588b11089556c8b92a,NULL,"Platform,Puzzle,Adventure,Indie"
480,214700,Thirty Flights of Loving,NULL,NULL,NULL,71f7ffca294221f197328fd0d235dcd7c92f3ee8,NULL,"Puzzle,Adventure,Indie"
481,340270,TIMEframe,NULL,NULL,NULL,f0c87120ab37d6bec32d6271b85fb458298a6acf,NULL,"Adventure,Indie"
482,297130,Titan Souls,NULL,NULL,NULL,37ab14d4261626c8850487467ff38b2fc3d71f5b,NULL,"Role-playing(RPG),Adventure,Indie"
483,248570,Toribash,NULL,NULL,NULL,7642e8aaf8d97a5fca68d749ed5cdd548cbb6d35,NULL,"Fighting,Simulator,Strategy,Indie"
484,364360,Total War: WARHAMMER,NULL,NULL,NULL,918a2af60362c81e36dabb20bf99c4d1aea45ff8,NULL,"RealTimeStrategy(RTS),Strategy,Role-playing(RPG),Turn-basedstrategy(TBS)"
485,823130,Totally Accurate Battlegrounds,NULL,NULL,NULL,920902c516d435c3d9a6c5ef92e3cd4372f9314b,NULL,"Shooter,Indie"
486,266110,Tower of Guns,NULL,NULL,NULL,171cae2f3c3ef93ce3016004b16aa363c3ef5400,NULL,"Shooter,Indie"
487,324810,TOXIKK,NULL,NULL,NULL,18523599fb9e8305d0c6b6b99f561f4d88bdec59,NULL,"Shooter,Indie"
488,237930,Transistor,NULL,NULL,NULL,b45dc369d45afe945d379e75545959f845094f92,NULL,"Role-playing(RPG),Strategy,Turn-basedstrategy(TBS),Adventure,Indie"
489,304050,Trove,NULL,NULL,NULL,76b62601bb6f0551c415697fe92a6653340f4a5e,NULL,"Platform,Role-playing(RPG),Hackandslash/Beat'emup,Adventure,Puzzle,Indie"
490,386940,Ultimate Chicken Horse,NULL,NULL,NULL,07e45651fd2e37fde1d512c4cb77238ff5ce97c0,NULL,"Platform,Adventure,Indie,Arcade"
491,304930,Unturned,NULL,NULL,NULL,e18009fb628b35953826efe47dc3be556b689f4c,NULL,"Shooter,Adventure,Indie,Role-playing(RPG)"
492,1510,Uplink,NULL,NULL,NULL,3f24e709b546f06641586190a6a84be791161830,NULL,"Simulator,Strategy,Indie,Shooter"
493,892970,Valheim,NULL,NULL,NULL,2f64c9a826e2c6cf3253fea4834c2e612db09143,NULL,"Role-playing(RPG),Adventure,Indie"
494,246900,Viscera Cleanup Detail,NULL,NULL,NULL,468438972a79636192adf089d3f830aad072a844,NULL,"Simulator,Indie"
495,265210,Viscera Cleanup Detail: Santa's Rampage,NULL,NULL,NULL,3ddf9cd4df46fda7ed35cd3e79f04bc0dfd28ee9,NULL,"Simulator,Indie"
496,255520,Viscera Cleanup Detail: Shadow Warrior,NULL,NULL,NULL,56c3840d52a0da4f397d9991d368c75ed53d99fa,NULL,"Simulator,Indie"
497,70300,VVVVVV,NULL,NULL,NULL,9c4bc5ef59b7d8aec664dfb73e8640b5b6832ec6,NULL,"Platform,Puzzle,Adventure,Indie"
498,227200,Waking Mars,NULL,NULL,NULL,1d451f2769c23282d7418136fdb57d2ebbf15acf,NULL,"Platform,Adventure,Indie"
499,431960,Wallpaper Engine,NULL,NULL,NULL,72edaed9d748c6cf7397ffb1c83f0b837b9ebd9d,NULL,The genres couldn't be grabbed
500,552500,Warhammer: Vermintide 2,NULL,NULL,NULL,a671f2ddf7359beba9702ac097baf6d50cb07202,NULL,"Shooter,Role-playing(RPG),Adventure,Indie"
501,1570330,West Hunt,NULL,NULL,NULL,b23423dc803d9216d1e3d9de6ff98a05fb28a17d,NULL,"Strategy,Tactical,Indie,Shooter"
502,22000,World of Goo,NULL,NULL,NULL,756b5775f9a42e4b07283a8552f825d315798cca,NULL,"Puzzle,Simulator,Strategy,Indie"
503,834530,Yakuza Kiwami,NULL,NULL,NULL,220ff034e362250b2d19637c3dd1af0899a49089,NULL,"Role-playing(RPG),Hackandslash/Beat'emup,Adventure,Sport"
504,334940,Yoku's Island Express,NULL,NULL,NULL,66f741cc9f86215db615bc7ed0910f6f15a01e53,NULL,The genres couldn't be grabbed
505,601510,Yu-Gi-Oh! Duel Links,NULL,NULL,NULL,f114588fffabf54385cfcfa84da0738bc111bbac,NULL,The genres couldn't be grabbed
506,248490,1953 - KGB Unleashed,NULL,NULL,NULL,db018b4825d4a3cf01eb3279c8e71fb21642a6a0,NULL,"Point-and-click,Adventure"
507,427930,Army of Tentacles: (Not) A Cthulhu Dating Sim,NULL,NULL,NULL,8814c0bd196d7a3485a995dbc427f2f578b5dd79,NULL,"Role-playing(RPG),Adventure,Indie,Strategy"
508,884660,CRSED,NULL,NULL,NULL,e4c07740f6f49341f830565c91e05bca0bb10d64,NULL,Shooter
509,322170,Geometry Dash,NULL,NULL,NULL,7e3919a83bb8702042c45f200432b7773fb86bee,NULL,"Music,Platform,Adventure,Indie,Arcade,Racing"
510,240720,Getting Over It with Bennett Foddy,NULL,NULL,NULL,161090eb78acf2e28333e8ae182121d906f1ee85,NULL,"Platform,Simulator,Adventure,Indie"
511,788770,Meteor 60 Seconds!,NULL,NULL,NULL,cd8c58349c83460112f34346426ba04ccd875981,NULL,"Simulator,Indie"
512,264200,One Finger Death Punch,NULL,NULL,NULL,2db66d5c9c2b4fe60afea1d3d331f6fa7d6d5591,NULL,"Fighting,Hackandslash/Beat'emup,Indie,Arcade"
513,736590,Operation: Harsh Doorstop,NULL,NULL,NULL,c6bab4b59297f21d7c58195d2de0054662ec47d4,NULL,"Shooter,Simulator,Tactical,Indie"
514,611500,Quake Champions,NULL,NULL,NULL,539032fb1e8b41d0a48ff11bf63bfe7918ace24c,NULL,Shooter
515,878760,Realm Royale - Test Server,NULL,NULL,NULL,068664cf452a9f2388cf1ccf1f239fc967ff9629,NULL,The genres couldn't be grabbed
516,813820,Realm Royale Reforged,NULL,NULL,NULL,068664cf452a9f2388cf1ccf1f239fc967ff9629,NULL,"Shooter,Adventure"
517,230290,Universe Sandbox,NULL,NULL,NULL,d7ac517716aff8c9065d8b5e868cbf69d62c8c2f,NULL,"Simulator,Indie,Sport,Strategy"
518,945360,Among Us,NULL,NULL,NULL,b82c3f46da8f3c918e1c9e0d18bd6fa8fcef6801,NULL,"Point-and-click,Adventure,Strategy,Indie,Puzzle"
519,291550,Brawlhalla,NULL,NULL,NULL,c43fac31b8bf8821764603a14d09412bc3d45f66,NULL,"Fighting,Platform,Indie,Arcade"
520,311210,Call of Duty: Black Ops III,NULL,NULL,NULL,bd3e3a9516b480164df25d16e49ae4ce4a063cb4,NULL,"Shooter,Adventure"
521,1190000,Car Mechanic Simulator 2021,NULL,NULL,NULL,b8a1a49beda2a70e57c2c1b72d5c531a638fd0f8,NULL,"Racing,Simulator,Indie"
522,1782210,Crab Game,NULL,NULL,NULL,e1afdaf96f55771d1d5ea4c9692d0f707ab0110b,NULL,"Fighting,Racing,Strategy,Indie,Arcade"
523,851850,DRAGON BALL Z: KAKAROT,NULL,NULL,NULL,982ea5a5c1dfbc03258671212a5d4335cc34d908,NULL,"Role-playing(RPG),Hackandslash/Beat'emup,Adventure,Strategy,Turn-basedstrategy(TBS),Card&BoardGame"
524,1816670,GUNDAM EVOLUTION,NULL,NULL,NULL,4fb2015d970fe8faebecc10e249a9a1922afddfe,NULL,Shooter
525,1170970,Marbles on Stream,NULL,NULL,NULL,f9af9e6dba742ed3643cb0d9d8c88163ea044f9a,NULL,"Racing,Simulator"
526,1869590,Omega Strikers,NULL,NULL,NULL,5e07146c770962edaf303e907447d63538d67948,NULL,"Strategy,Tactical,Arcade"
527,595690,One Hour One Life,NULL,NULL,NULL,7c801fb4555e66e35965d9beeda45fed48ebbe57,NULL,"Role-playing(RPG),Simulator,Adventure,Indie,Point-and-click"
528,1961460,Project Playtime,NULL,NULL,NULL,c443ac07bed8665c5bef29464351c3b236684759,NULL,Indie
529,1128810,RISK: Global Domination,NULL,NULL,NULL,ecc6f7301e88a88e93edec1a3d4ddcc7ec9c5335,NULL,"Strategy,Card&BoardGame,Quiz/Trivia,Turn-basedstrategy(TBS)"
530,677620,Splitgate,NULL,NULL,NULL,03e452b180ff77986c3957819bde4c69448a2d0f,NULL,Shooter
531,310950,Street Fighter V,NULL,NULL,NULL,ea0db9dc61e606b544fa30d21d31354998ca1f95,NULL,"Fighting,Arcade"
532,2324650,The Murder of Sonic the Hedgehog,NULL,NULL,NULL,0da85d6bca94f4e4e81b71deb3145859d094d5d1,NULL,"Point-and-click,Simulator,Indie,VisualNovel"
533,1222670,The Sims™ 4,NULL,NULL,NULL,ca6bc8b2411bce4a2cd325ab75f0204bc3a4ad98,NULL,"Role-playing(RPG),Simulator,Adventure,Strategy"
534,760160,Vampire: The Masquerade - Bloodhunt,NULL,NULL,NULL,08e7dfced6c1d534ec5d580a3a177427c7250a60,NULL,"Shooter,Tactical"
